5.53115,296.31,0,0,0,296.31,0,0,0,296.31,0,0,0,100,0,0
5.5478,296.31,0,0,0,296.31,0,0,0,296.31,0,0,0,100,0,0
5.56445,296.31,0,0,0,296.31,0,0,0,296.31,0,0,0,100,0,0
5.5811,296.31,0,0,0,296.31,0,0,0,296.31,0,0,0,100,0,0
5.59775,296.31,0,0,0,296.31,0,0,0,296.31,0,0,0,100,0,0
5.6144,296.31,0,0,0,296.31,0,0,0,296.31,0,0,0,100,0,0
5.63105,296.31,0,0,0,296.31,0,0,0,296.31,0,0,0,100,0,0
5.6477,296.31,0,0,0,296.31,0,0,0,296.31,0,0,0,100,0,0
5.66435,296.31,0,0,0,296.31,0,0,0,296.31,0,0,0,100,0,0
5.681,296.31,0,0,0,296.31,0,0,0,296.31,0,0,0,100,0,0
5.69765,296.31,0,0,0,296.31,0,0,0,296.31,0,0,0,100,0,0
5.7143,296.31,0,0,0,296.31,0,0,0,296.31,0,0,0,100,0,0
5.73095,296.31,0,0,0,296.31,0,0,0,296.31,0,0,0,100,0,0
5.7476,296.31,0,0,0,296.31,0,0,0,296.31,0,0,0,100,0,0
5.76425,296.31,0,0,0,296.31,0,0,0,296.31,0,0,0,100,0,0
5.7809,296.31,0,0,0,296.31,0,0,0,296.31,0,0,0,100,0,0
5.79755,296.31,0,0,0,296.31,0,0,0,296.31,0,0,0,100,0,0
5.8142,296.31,0,0,0,296.31,0,0,0,296.31,0,0,0,100,0,0
5.83085,296.31,0,0,0,296.31,0,0,0,296.31,0,0,0,100,0,0
5.8475,296.31,0,0,0,296.31,0,0,0,296.31,0,0,0,100,0,0
5.86415,296.31,0,0,0,296.31,0,0,0,296.31,0,0,0,100,0,0
5.8808,296.31,0,0,0,296.31,0,0,0,296.31,0,0,0,100,0,0
5.89745,296.31,0,0,0,296.31,0,0,0,296.31,0,0,0,100,0,0
5.9141,296.31,0,0,0,296.31,0,0,0,296.31,0,0,0,100,0,0
5.93075,296.31,0,0,0,296.31,0,0,0,296.31,0,0,0,100,0,0
5.9474,296.31,0,0,0,296.31,0,0,0,296.31,0,0,0,100,0,0
5.96405,296.31,0,0,0,296.31,0,0,0,296.31,0,0,0,100,0,0
5.9807,296.31,0,0,0,296.31,0,0,0,296.31,0,0,0,100,0,0
5.99735,296.31,0,0,0,296.31,0,0,0,296.31,0,0,0,100,0,0
6.014,296.31,0,0,0,296.31,0,0,0,296.31,0,0,0,100,0,0
6.03065,296.31,0,0,0,296.31,0,0,0,296.31,0,0,0,100,0,0
6.0473,296.31,0,0,0,296.31,0,0,0,296.31,0,0,0,100,0,0
6.06395,296.31,0,0,0,296.31,0,0,0,296.31,0,0,0,100,0,0
6.0806,296.31,0,0,0,296.31,0,0,0,296.31,0,0,0,100,0,0
6.09725,296.31,0,0,0,296.31,0,0,0,296.31,0,0,0,100,0,0
6.1139,296.31,0,0,0,296.31,0,0,0,296.31,0,0,0,100,0,0
6.13055,296.31,0,0,0,296.31,0,0,0,296.31,0,0,0,100,0,0
6.1472,296.31,0,0,0,296.31,0,0,0,296.31,0,0,0,100,0,0
6.16385,296.31,0,0,0,296.31,0,0,0,296.31,0,0,0,100,0,0
6.1805,296.31,0,0,0,296.31,0,0,0,296.31,0,0,0,100,0,0
6.19715,296.31,0,0,0,296.31,0,0,0,296.31,0,0,0,100,0,0
6.2138,296.31,0,0,0,296.31,0,0,0,296.31,0,0,0,100,0,0
6.23045,296.31,0,0,0,296.31,0,0,0,296.31,0,0,0,100,0,0
6.2471,296.31,0,0,0,296.31,0,0,0,296.31,0,0,0,100,0,0
6.26375,296.31,0,0,0,296.31,0,0,0,296.31,0,0,0,100,0,0
6.2804,296.31,0,0,0,296.31,0,0,0,296.31,0,0,0,100,0,0
6.29705,296.31,0,0,0,296.31,0,0,0,296.31,0,0,0,100,0,0
6.3137,296.31,0,0,0,296.31,0,0,0,296.31,0,0,0,100,0,0
6.33035,296.31,0,0,0,296.31,0,0,0,296.31,0,0,0,100,0,0
6.347,296.31,0,0,0,296.31,0,0,0,296.31,0,0,0,100,0,0
6.36365,296.31,0,0,0,296.31,0,0,0,296.31,0,0,0,100,0,0
6.3803,296.31,0,0,0,296.31,0,0,0,296.31,0,0,0,100,0,0
6.39695,296.31,0,0,0,296.31,0,0,0,296.31,0,0,0,100,0,0
6.4136,296.31,0,0,0,296.31,0,0,0,296.31,0,0,0,100,0,0
6.43025,296.31,0,0,0,296.31,0,0,0,296.31,0,0,0,100,0,0
6.4469,296.31,0,0,0,296.31,0,0,0,296.31,0,0,0,100,0,0
6.46355,296.31,0,0,0,296.31,0,0,0,296.31,0,0,0,100,0,0
6.4802,296.31,0,0,0,296.31,0,0,0,296.31,0,0,0,100,0,0
6.49685,296.31,0,0,0,296.31,0,0,0,296.31,0,0,0,100,0,0
6.5135,296.31,0,0,0,296.31,0,0,0,296.31,0,0,0,100,0,0
6.53015,296.31,0,0,0,296.31,0,0,0,296.31,0,0,0,100,0,0
6.5468,296.31,0,0,0,296.31,0,0,0,296.31,0,0,0,100,0,0
6.56345,296.31,0,0,0,296.31,0,0,0,296.31,0,0,0,100,0,0
6.5801,296.31,0,0,0,296.31,0,0,0,296.31,0,0,0,100,0,0
6.59675,296.31,0,0,0,296.31,0,0,0,296.31,0,0,0,100,0,0
6.6134,296.31,0,0,0,296.31,0,0,0,296.31,0,0,0,100,0,0
6.63005,296.31,0,0,0,296.31,0,0,0,296.31,0,0,0,100,0,0
6.6467,296.31,0,0,0,296.31,0,0,0,296.31,0,0,0,100,0,0
6.66335,296.31,0,0,0,296.31,0,0,0,296.31,0,0,0,100,0,0
6.68,296.31,0,0,0,296.31,0,0,0,296.31,0,0,0,100,0,0
6.69665,296.31,0,0,0,296.31,0,0,0,296.31,0,0,0,100,0,0
6.7133,296.31,0,0,0,296.31,0,0,0,296.31,0,0,0,100,0,0
6.72995,296.31,0,0,0,296.31,0,0,0,296.31,0,0,0,100,0,0
6.7466,296.31,0,0,0,296.31,0,0,0,296.31,0,0,0,100,0,0
6.76325,296.31,0,0,0,296.31,0,0,0,296.31,0,0,0,100,0,0
6.7799,296.31,0,0,0,296.31,0,0,0,296.31,0,0,0,100,0,0
6.79655,296.31,0,0,0,296.31,0,0,0,296.31,0,0,0,100,0,0
6.8132,296.31,0,0,0,296.31,0,0,0,296.31,0,0,0,100,0,0
6.82985,296.31,0,0,0,296.31,0,0,0,296.31,0,0,0,100,0,0
6.8465,296.31,0,0,0,296.31,0,0,0,296.31,0,0,0,100,0,0
6.86315,296.31,0,0,0,296.31,0,0,0,296.31,0,0,0,100,0,0
6.8798,296.31,0,0,0,296.31,0,0,0,296.31,0,0,0,100,0,0
6.89645,296.31,0,0,0,296.31,0,0,0,296.31,0,0,0,100,0,0
6.9131,296.31,0,0,0,296.31,0,0,0,296.31,0,0,0,100,0,0
6.92975,296.31,0,0,0,296.31,0,0,0,296.31,0,0,0,100,0,0
6.9464,296.31,0,0,0,296.31,0,0,0,296.31,0,0,0,100,0,0
6.96305,296.31,0,0,0,296.31,0,0,0,296.31,0,0,0,100,0,0
6.9797,296.31,0,0,0,296.31,0,0,0,296.31,0,0,0,100,0,0
6.99635,296.31,0,0,0,296.31,0,0,0,296.31,0,0,0,100,0,0
7.013,296.31,0,0,0,296.31,0,0,0,296.31,0,0,0,100,0,0
7.02965,296.31,0,0,0,296.31,0,0,0,296.31,0,0,0,100,0,0
7.0463,296.31,0,0,0,296.31,0,0,0,296.31,0,0,0,100,0,0
7.06295,296.31,0,0,0,296.31,0,0,0,296.31,0,0,0,100,0,0
7.0796,296.31,0,0,0,296.31,0,0,0,296.31,0,0,0,100,0,0
7.09625,296.31,0,0,0,296.31,0,0,0,296.31,0,0,0,100,0,0
7.1129,296.31,0,0,0,296.31,0,0,0,296.31,0,0,0,100,0,0
7.12955,296.31,0,0,0,296.31,0,0,0,296.31,0,0,0,100,0,0
7.1462,296.31,0,0,0,296.31,0,0,0,296.31,0,0,0,100,0,0
7.16285,296.31,0,0,0,296.31,0,0,0,296.31,0,0,0,100,0,0
7.1795,296.31,0,0,0,296.31,0,0,0,296.31,0,0,0,100,0,0
7.19615,296.31,0,0,0,296.31,0,0,0,296.31,0,0,0,100,0,0
7.2128,296.31,0,0,0,296.31,0,0,0,296.31,0,0,0,100,0,0
7.22945,296.31,0,0,0,296.31,0,0,0,296.31,0,0,0,100,0,0
7.2461,296.31,0,0,0,296.31,0,0,0,296.31,0,0,0,100,0,0
7.26275,296.31,0,0,0,296.31,0,0,0,296.31,0,0,0,100,0,0
7.2794,296.31,0,0,0,296.31,0,0,0,296.31,0,0,0,100,0,0
7.29605,296.31,0,0,0,296.31,0,0,0,296.31,0,0,0,100,0,0
7.3127,296.31,0,0,0,296.31,0,0,0,296.31,3.495926,3.495926,0,100,0,0
7.32935,296.31,0,0,0,296.31,0,0,0,296.31,3.495926,3.495926,0,100,0,0
7.346,296.31,0,0,0,296.31,0,0,0,296.31,13.15132,13.15132,0,100,0,0
7.36265,296.31,0,0,0,296.31,0,0,0,296.31,13.15132,13.15132,0,100,0,0
7.3793,296.31,0,0,0,296.31,0,0,0,296.31,27.57836,27.57836,0,100,0,0
7.39595,296.31,0,0,0,296.31,0,0,0,296.31,27.57836,27.57836,0,100,0,0
7.4126,296.31,0,0,0,296.31,0,0,0,296.31,27.57836,27.57836,0,100,0,0
7.42925,296.31,0,0,0,296.31,0,0,0,296.31,45.45895,45.45895,0,100,0,0
7.4459,296.31,0,0,0,296.31,0,0,0,296.31,45.45895,45.45895,0,100,0,0
7.46255,296.31,0,0,0,296.31,0,0,0,296.31,65.76873,65.76873,0,100,0,0
7.4792,296.31,0,0,0,296.31,0,0,0,296.31,65.76873,65.76873,0,100,0,0
7.49585,296.31,0,0,0,296.31,0,0,0,296.31,87.85375,87.85375,0,100,0,0
7.5125,296.31,0,0,0,296.31,0,0,0,296.31,87.85375,87.85375,0,100,0,0
7.52915,296.31,0,0,0,296.31,0,0,0,296.31,111.3573,111.3573,0,100,0,0
7.5458,296.31,0,0,0,296.31,0,0,0,296.31,111.3573,111.3573,0,100,0,0
7.56245,296.31,0,0,0,296.31,0,0,0,296.31,111.3573,111.3573,0,100,0,0
7.5791,296.31,0,0,0,296.31,0,0,0,296.31,136.0322,136.0322,0,100,0,0
7.59575,296.31,0,0,0,296.31,0,0,0,296.31,136.0322,136.0322,0,100,0,0
7.6124,296.31,0,0,0,296.31,0,0,0,296.31,161.5037,161.5037,0,100,0,0
7.62905,296.31,0,0,0,296.31,0,0,0,296.31,161.5037,161.5037,0,100,0,0
7.6457,296.31,0,0,0,296.31,0,0,0,296.31,187.0601,187.0601,0,100,0,0
7.66235,296.31,0,0,0,296.31,0,0,0,296.31,187.0601,187.0601,0,100,0,0
7.679,296.31,0,0,0,296.31,0,0,0,296.31,211.5414,211.5414,0,100,0,0
7.69565,296.31,0,0,0,296.31,0,0,0,296.31,211.5414,211.5414,0,100,0,0
7.7123,296.31,0,0,0,296.31,0,0,0,296.31,211.5414,211.5414,0,100,0,0
7.72895,296.31,0,0,0,296.31,0,0,0,296.31,233.3737,233.3737,0,100,0,0
7.7456,296.31,0,0,0,296.31,0,0,0,296.31,233.3737,233.3737,0,100,0,0
7.76225,296.31,0,0,0,296.31,0,0,0,296.31,250.7591,250.7591,0,100,0,0
7.7789,296.31,0,0,0,296.31,0,0,0,296.31,250.7591,250.7591,0,100,0,0
7.79555,296.31,0,0,0,296.31,0,0,0,296.31,261.99,261.99,0,100,0,0
7.8122,296.31,0,0,0,296.31,0,0,0,296.31,261.99,261.99,0,100,0,0
7.82885,296.31,0,0,0,296.31,0,0,0,296.31,265.8255,265.8255,0,100,0,0
7.8455,296.31,0,0,0,296.31,0,0,0,296.31,265.8255,265.8255,0,100,0,0
7.86215,296.31,0,0,0,296.31,0,0,0,296.31,265.8255,265.8255,0,100,0,0
7.8788,296.31,0,0,0,296.31,0,0,0,296.31,261.8418,261.8418,0,100,0,0
7.89545,296.31,0,0,0,296.31,0,0,0,296.31,261.8418,261.8418,0,100,0,0
7.9121,296.31,0,0,0,296.31,0,0,0,296.31,250.672,250.672,0,100,0,0
7.92875,296.31,0,0,0,296.31,0,0,0,296.31,250.672,250.672,0,100,0,0
7.9454,296.31,0,0,0,296.31,0,0,0,296.31,234.065,234.065,0,100,0,0
7.96205,296.31,0,0,0,296.31,0,0,0,296.31,234.065,234.065,0,100,0,0
7.9787,296.31,0,0,0,296.31,0,0,0,296.31,214.731,214.731,0,100,0,0
7.99535,296.31,0,0,0,296.31,0,0,0,296.31,214.731,214.731,0,100,0,0
8.012,296.31,0,0,0,296.31,0,0,0,296.31,214.731,214.731,0,100,0,0
8.02865,296.31,0,0,0,296.31,0,0,0,296.31,195.9829,195.9829,0,100,0,0
8.0453,296.31,0,0,0,296.31,0,0,0,296.31,195.9829,195.9829,0,100,0,0
8.06195,296.31,0,0,0,296.31,0,0,0,296.31,181.2303,181.2303,0,100,0,0
8.0786,296.31,0,0,0,296.31,0,0,0,296.31,181.2303,181.2303,0,100,0,0
8.09525,296.31,0,0,0,296.31,0,0,0,296.31,173.4147,173.4147,0,100,0,0
8.1119,296.31,0,0,0,296.31,0,0,0,296.31,173.4147,173.4147,0,100,0,0
8.12855,296.31,0,0,0,296.31,0,0,0,296.31,174.4915,174.4915,0,100,0,0
8.1452,296.31,0,0,0,296.31,0,0,0,296.31,174.4915,174.4915,0,100,0,0
8.16185,296.31,0,0,0,296.31,0,0,0,296.31,174.4915,174.4915,0,100,0,0
8.1785,296.31,0,0,0,296.31,0,0,0,296.31,185.0625,185.0625,0,100,0,0
8.19515,296.31,0,0,0,296.31,0,0,0,296.31,185.0625,185.0625,0,100,0,0
8.2118,296.31,0,0,0,296.31,0,0,0,296.31,204.2331,204.2331,0,100,0,0
8.22845,296.31,0,0,0,296.31,0,0,0,296.31,204.2331,204.2331,0,100,0,0
8.2451,296.31,0,0,0,296.31,0,0,0,296.31,229.7281,229.7281,0,100,0,0
8.26175,296.31,0,0,0,296.31,0,0,0,296.31,229.7281,229.7281,0,100,0,0
8.2784,296.31,0,0,0,296.31,0,0,0,296.31,258.25,258.25,0,100,0,0
8.29505,296.31,0,0,0,296.31,0,0,0,296.31,258.25,258.25,0,100,0,0
8.3117,296.31,0,0,0,296.31,0,0,0,296.31,258.25,258.25,0,100,0,0
8.32835,296.31,0,0,0,296.31,0,0,0,296.31,286.0169,286.0169,0,100,0,0
8.345,296.31,0,0,0,296.31,0,0,0,296.31,286.0169,286.0169,0,100,0,0
8.36165,296.31,0,0,0,296.31,0,0,0,296.31,309.3804,309.3804,0,100,0,0
8.3783,296.31,0,0,0,296.31,0,0,0,296.31,309.3804,309.3804,0,100,0,0
8.39495,296.31,0,0,0,296.31,0,0,0,296.31,325.4112,325.4112,0,100,0,0
8.4116,296.31,0,0,0,296.31,0,0,0,296.31,325.4112,325.4112,0,100,0,0
8.42825,296.31,0,0,0,296.31,0,0,0,296.31,332.3433,332.3433,0,100,0,0
8.4449,296.31,0,0,0,296.31,0,0,0,296.31,332.3433,332.3433,0,100,0,0
8.46155,296.31,0,0,0,296.31,0,0,0,296.31,332.3433,332.3433,0,100,0,0
8.4782,296.31,0,0,0,296.31,0,0,0,296.31,329.8026,329.8026,0,100,0,0
8.49485,296.31,0,0,0,296.31,0,0,0,296.31,329.8026,329.8026,0,100,0,0
8.5115,296.31,0,0,0,296.31,0,0,0,296.31,318.7815,318.7815,0,100,0,0
8.52815,296.31,0,0,0,296.31,0,0,0,296.31,318.7815,318.7815,0,100,0,0
8.5448,296.31,0,0,0,296.31,0,0,0,296.31,301.3773,301.3773,0,100,0,0
8.56145,296.31,0,0,0,296.31,0,0,0,296.31,301.3773,301.3773,0,100,0,0
8.5781,296.31,0,0,0,296.31,0,0,0,296.31,280.3552,280.3552,0,100,0,0
8.59475,296.31,0,0,0,296.31,0,0,0,296.31,280.3552,280.3552,0,100,0,0
8.6114,296.31,0,0,0,296.31,0,0,0,296.31,280.3552,280.3552,0,100,0,0
8.62805,296.31,0,0,0,296.31,0,0,0,296.31,258.6263,258.6263,0,100,0,0
8.6447,296.31,0,0,0,296.31,0,0,0,296.31,258.6263,258.6263,0,100,0,0
8.66135,296.31,0,0,0,296.31,0,0,0,296.31,238.7488,238.7488,0,100,0,0
8.678,296.31,0,0,0,296.31,0,0,0,296.31,238.7488,238.7488,0,100,0,0
8.69465,296.31,0,0,0,296.31,0,0,0,296.31,222.5438,222.5438,0,100,0,0
8.7113,296.31,0,0,0,296.31,0,0,0,296.31,222.5438,222.5438,0,100,0,0
8.72795,296.31,0,0,0,296.31,0,0,0,296.31,210.8948,210.8948,0,100,0,0
8.7446,296.31,0,0,0,296.31,0,0,0,296.31,210.8948,210.8948,0,100,0,0
8.76125,296.31,0,0,0,296.31,0,0,0,296.31,210.8948,210.8948,0,100,0,0
8.7779,296.31,0,0,0,296.31,0,0,0,296.31,203.7528,203.7528,0,100,0,0
8.79455,296.31,0,0,0,296.31,0,0,0,296.31,203.7528,203.7528,0,100,0,0
8.8112,296.31,0,0,0,296.31,0,0,0,296.31,200.3271,200.3271,0,100,0,0
8.82785,296.31,0,0,0,296.31,0,0,0,296.31,200.3271,200.3271,0,100,0,0
8.8445,296.31,0,0,0,296.31,0,0,0,296.31,199.4037,199.4037,0,100,0,0
8.86115,296.31,0,0,0,296.31,0,0,0,296.31,199.4037,199.4037,0,100,0,0
8.8778,296.31,0,0,0,296.31,0,0,0,296.31,199.707,199.707,0,100,0,0
8.89445,296.31,0,0,0,296.31,0,0,0,296.31,199.707,199.707,0,100,0,0
8.9111,296.31,0,0,0,296.31,0,0,0,296.31,199.707,199.707,0,100,0,0
8.92775,296.31,0,0,0,296.31,0,0,0,296.31,200.2166,200.2166,0,100,0,0
8.9444,296.31,0,0,0,296.31,0,0,0,296.31,200.2166,200.2166,0,100,0,0
8.96105,296.31,0,0,0,296.31,0,0,0,296.31,200.3702,200.3702,0,100,0,0
8.9777,296.31,0,0,0,296.31,0,0,0,296.31,200.3702,200.3702,0,100,0,0
8.99435,296.31,0,0,0,296.31,0,0,0,296.31,200.1087,200.1087,0,100,0,0
9.011,296.31,0,0,0,296.31,0,0,0,296.31,200.1087,200.1087,0,100,0,0
9.02765,296.31,0,0,0,296.31,0,0,0,296.31,199.7632,199.7632,0,100,0,0
9.0443,296.31,0,0,0,296.31,0,0,0,296.31,199.7632,199.7632,0,100,0,0
9.06095,296.31,0,0,0,296.31,0,0,0,296.31,199.7632,199.7632,0,100,0,0
9.0776,296.31,0,0,0,296.31,0,0,0,296.31,199.8241,199.8241,0,100,0,0
9.09425,296.31,0,0,0,296.31,0,0,0,296.31,199.8241,199.8241,0,100,0,0
9.1109,296.31,0,0,0,296.31,0,0,0,296.31,200.6563,200.6563,0,100,0,0
9.12755,296.31,0,0,0,296.31,0,0,0,296.31,200.6563,200.6563,0,100,0,0
9.1442,296.31,0,0,0,296.31,0,0,0,296.31,202.2442,202.2442,0,100,0,0
9.16085,296.31,0,0,0,296.31,0,0,0,296.31,202.2442,202.2442,0,100,0,0
9.1775,296.31,0,0,0,296.31,0,0,0,296.31,204.0365,204.0365,0,100,0,0
9.19415,296.31,0,0,0,296.31,0,0,0,296.31,204.0365,204.0365,0,100,0,0
9.2108,296.31,0,0,0,296.31,0,0,0,296.31,204.0365,204.0365,0,100,0,0
9.22745,296.31,0,0,0,296.31,0,0,0,296.31,204.9433,204.9433,0,100,0,0
9.2441,296.31,0,0,0,296.31,0,0,0,296.31,204.9433,204.9433,0,100,0,0
9.26075,296.31,0,0,0,296.31,0,0,0,296.31,203.4953,203.4953,0,100,0,0
9.2774,296.31,0,0,0,296.31,0,0,0,296.31,203.4953,203.4953,0,100,0,0
9.29405,296.31,0,0,0,296.31,0,0,0,296.31,198.1389,198.1389,0,100,0,0
9.3107,296.31,0,0,0,296.31,0,0,0,296.31,198.1389,198.1389,0,100,0,0
9.32735,296.31,0,0,0,296.31,0,0,0,296.31,187.6019,187.6019,0,100,0,0
9.344,296.31,0,0,0,296.31,0,0,0,296.31,187.6019,187.6019,0,100,0,0
9.36065,296.31,0,0,0,296.31,0,0,0,296.31,187.6019,187.6019,0,100,0,0
9.3773,296.31,0,0,0,296.31,0,0,0,296.31,171.2471,171.2471,0,100,0,0
9.39395,296.31,0,0,0,296.31,0,0,0,296.31,171.2471,171.2471,0,100,0,0
9.4106,296.31,0,0,0,296.31,0,0,0,296.31,149.3241,149.3241,0,100,0,0
9.42725,296.31,0,0,0,296.31,0,0,0,296.31,149.3241,149.3241,0,100,0,0
9.4439,296.31,0,0,0,296.31,0,0,0,296.31,123.0528,123.0528,0,100,0,0
9.46055,296.31,0,0,0,296.31,0,0,0,296.31,123.0528,123.0528,0,100,0,0
9.4772,296.31,0,0,0,296.31,0,0,0,296.31,94.50094,94.50094,0,100,0,0
9.49385,296.31,0,0,0,296.31,0,0,0,296.31,94.50094,94.50094,0,100,0,0
9.5105,296.31,0,0,0,296.31,0,0,0,296.31,94.50094,94.50094,0,100,0,0
9.52715,296.31,0,0,0,296.31,0,0,0,296.31,66.26579,66.26579,0,100,0,0
9.5438,296.31,0,0,0,296.31,0,0,0,296.31,66.26579,66.26579,0,100,0,0
9.56045,296.31,0,0,0,296.31,0,0,0,296.31,41.01274,41.01274,0,100,0,0
9.5771,296.31,0,0,0,296.31,0,0,0,296.31,41.01274,41.01274,0,100,0,0
9.59375,296.31,0,0,0,296.31,0,0,0,296.31,20.95699,20.95699,0,100,0,0
9.6104,296.31,0,0,0,296.31,0,0,0,296.31,20.95699,20.95699,0,100,0,0
9.62705,296.31,0,0,0,296.31,0,0,0,296.31,7.39248,7.39248,0,100,0,0
9.6437,296.31,0,0,0,296.31,0,0,0,296.31,7.39248,7.39248,0,100,0,0
9.66035,296.31,0,0,0,296.31,0,0,0,296.31,7.39248,7.39248,0,100,0,0
9.677,296.31,0,0,0,296.31,0,0,0,296.31,0.366677,0.366677,0,100,0,0
9.69365,296.31,0,0,0,296.31,0,0,0,296.31,0.366677,0.366677,0,100,0,0
9.7103,296.31,0,0,0,296.31,0,0,0,296.31,-1.425439,-1.425439,0,100,0,0
9.72695,296.31,0,0,0,296.31,0,0,0,296.31,-1.425439,-1.425439,0,100,0,0
9.7436,296.31,0,0,0,296.31,0,0,0,296.31,-0.4972054,-0.4972054,0,100,0,0
9.76025,296.31,0,0,0,296.31,0,0,0,296.31,-0.4972054,-0.4972054,0,100,0,0
9.7769,296.31,0,0,0,296.31,0,0,0,296.31,0,0,0,100,0,0
9.79355,296.31,0,0,0,296.31,0,0,0,296.31,0,0,0,100,0,0
9.8102,296.31,0,0,0,296.31,0,0,0,296.31,1.137446,-1.137446,1,1,0,0
9.82685,296.31,0,0,0,296.31,0,0,0,296.31,1.137446,-1.137446,1,1,0,0
9.8435,296.31,0,0,0,296.31,0,0,0,296.31,4.34814,-4.34814,1,1,0,0
9.86015,296.31,0,0,0,296.31,0,0,0,296.31,4.34814,-4.34814,1,1,0,0
9.8768,296.31,0,0,0,296.31,0,0,0,296.31,4.34814,-4.34814,1,1,0,0
9.89345,296.31,0,0,0,296.31,0,0,0,296.31,9.070284,-9.070284,1,1,0,0
9.9101,296.31,0,0,0,296.31,0,0,0,296.31,9.070284,-9.070284,1,1,0,0
9.92675,296.31,0,0,0,296.31,0,0,0,296.31,14.50281,-14.50281,1,1,0,0
9.9434,296.31,0,0,0,296.31,0,0,0,296.31,14.50281,-14.50281,1,1,0,0
9.96005,296.31,0,0,0,296.31,0,0,0,296.31,19.78013,-19.78013,1,1,0,0
9.9767,296.31,0,0,0,296.31,0,0,0,296.31,19.78013,-19.78013,1,1,0,0
9.99335,296.31,0,0,0,296.31,0,0,0,296.31,24.16586,-24.16586,1,1,0,0
10.01,296.31,0,0,0,296.31,0,0,0,296.31,24.16586,-24.16586,1,1,0,0
10.02665,296.31,0,0,0,296.31,0,0,0,296.31,24.16586,-24.16586,1,1,0,0
10.0433,296.31,0,0,0,296.31,0,0,0,296.31,27.22643,-27.22643,1,1,0,0
10.05995,296.31,0,0,0,296.31,0,0,0,296.31,27.22643,-27.22643,1,1,0,0
10.0766,296.31,0,0,0,296.31,0,0,0,296.31,28.94867,-28.94867,1,1,0,0
10.09325,296.31,0,0,0,296.31,0,0,0,296.31,28.94867,-28.94867,1,1,0,0
10.1099,296.31,0,0,0,296.31,0,0,0,296.31,29.77523,-29.77523,1,1,0,0
10.12655,296.31,0,0,0,296.31,0,0,0,296.31,29.77523,-29.77523,1,1,0,0
10.1432,296.31,0,0,0,296.31,0,0,0,296.31,30.54752,-30.54752,1,1,0,0
10.15985,296.31,0,0,0,296.31,0,0,0,296.31,30.54752,-30.54752,1,1,0,0
10.1765,296.31,0,0,0,296.31,0,0,0,296.31,30.54752,-30.54752,1,1,0,0
10.19315,296.31,0,0,0,296.31,0,0,0,296.31,32.36266,-32.36266,1,1,0,0
10.2098,296.31,0,0,0,296.31,0,0,0,296.31,32.36266,-32.36266,1,1,0,0
10.22645,296.31,0,0,0,296.31,0,0,0,296.31,36.36863,-36.36863,1,1,0,0
10.2431,296.31,0,0,0,296.31,0,0,0,296.31,36.36863,-36.36863,1,1,0,0
10.25975,296.31,0,0,0,296.31,0,0,0,296.31,43.53339,-43.53339,1,1,0,0
10.2764,296.31,0,0,0,296.31,0,0,0,296.31,43.53339,-43.53339,1,1,0,0
10.29305,296.31,0,0,0,296.31,0,0,0,296.31,54.43122,-54.43122,1,1,0,0
10.3097,296.31,0,0,0,296.31,0,0,0,296.31,54.43122,-54.43122,1,1,0,0
10.32635,296.31,0,0,0,296.31,0,0,0,296.31,54.43122,-54.43122,1,1,0,0
10.343,296.31,0,0,0,296.31,0,0,0,296.31,69.08712,-69.08712,1,1,0,0
10.35965,296.31,0,0,0,296.31,0,0,0,296.31,69.08712,-69.08712,1,1,0,0
10.3763,296.31,0,0,0,296.31,0,0,0,296.31,86.91135,-86.91135,1,1,0,0
10.39295,296.31,0,0,0,296.31,0,0,0,296.31,86.91135,-86.91135,1,1,0,0
10.4096,296.31,0,0,0,296.31,0,0,0,296.31,106.7413,-106.7413,1,1,0,0
10.42625,296.31,0,0,0,296.31,0,0,0,296.31,106.7413,-106.7413,1,1,0,0
10.4429,296.31,0,0,0,296.31,0,0,0,296.31,126.9881,-126.9881,1,1,0,0
10.45955,296.31,0,0,0,296.31,0,0,0,296.31,126.9881,-126.9881,1,1,0,0
10.4762,296.31,0,0,0,296.31,0,0,0,296.31,126.9881,-126.9881,1,1,0,0
10.49285,296.31,0,0,0,296.31,0,0,0,296.31,145.8676,-145.8676,1,1,0,0
10.5095,296.31,0,0,0,296.31,0,0,0,296.31,145.8676,-145.8676,1,1,0,0
10.52615,296.31,0,0,0,296.31,0,0,0,296.31,161.6785,-161.6785,1,1,0,0
10.5428,296.31,0,0,0,296.31,0,0,0,296.31,161.6785,-161.6785,1,1,0,0
10.55945,296.31,0,0,0,296.31,0,0,0,296.31,173.0811,-173.0811,1,1,0,0
10.5761,296.31,0,0,0,296.31,0,0,0,296.31,173.0811,-173.0811,1,1,0,0
10.59275,296.31,0,0,0,296.31,0,0,0,296.31,179.3283,-179.3283,1,1,0,0
10.6094,296.31,0,0,0,296.31,0,0,0,296.31,179.3283,-179.3283,1,1,0,0
10.62605,296.31,0,0,0,296.31,0,0,0,296.31,179.3283,-179.3283,1,1,0,0
10.6427,296.31,0,0,0,296.31,0,0,0,296.31,180.4075,-180.4075,1,1,0,0
10.65935,296.31,0,0,0,296.31,0,0,0,296.31,180.4075,-180.4075,1,1,0,0
10.676,296.31,0,0,0,296.31,0,0,0,296.31,177.066,-177.066,1,1,0,0
10.69265,296.31,0,0,0,296.31,0,0,0,296.31,177.066,-177.066,1,1,0,0
10.7093,296.31,0,0,0,296.31,0,0,0,296.31,170.7107,-170.7107,1,1,0,0
10.72595,296.31,0,0,0,296.31,0,0,0,296.31,170.7107,-170.7107,1,1,0,0
10.7426,296.31,0,0,0,296.31,0,0,0,296.31,163.1969,-163.1969,1,1,0,0
10.75925,296.31,0,0,0,296.31,0,0,0,296.31,163.1969,-163.1969,1,1,0,0
10.7759,296.31,0,0,0,296.31,0,0,0,296.31,163.1969,-163.1969,1,1,0,0
10.79255,296.31,0,0,0,296.31,0,0,0,296.31,156.5366,-156.5366,1,1,0,0
10.8092,296.31,0,0,0,296.31,0,0,0,296.31,156.5366,-156.5366,1,1,0,0
10.82585,296.31,0,0,0,296.31,0,0,0,296.31,152.5746,-152.5746,1,1,0,0
10.8425,296.31,0,0,0,296.31,0,0,0,296.31,152.5746,-152.5746,1,1,0,0
10.85915,296.31,0,0,0,296.31,0,0,0,296.31,152.6838,-152.6838,1,1,0,0
10.8758,296.31,0,0,0,296.31,0,0,0,296.31,152.6838,-152.6838,1,1,0,0
10.89245,296.31,0,0,0,296.31,0,0,0,296.31,157.5318,-157.5318,1,1,0,0
10.9091,296.31,0,0,0,296.31,0,0,0,296.31,157.5318,-157.5318,1,1,0,0
10.92575,296.31,0,0,0,296.31,0,0,0,296.31,157.5318,-157.5318,1,1,0,0
10.9424,296.31,0,0,0,296.31,0,0,0,296.31,166.9573,-166.9573,1,1,0,0
10.95905,296.31,0,0,0,296.31,0,0,0,296.31,166.9573,-166.9573,1,1,0,0
10.9757,296.31,0,0,0,296.31,0,0,0,296.31,179.9794,-179.9794,1,1,0,0
10.99235,296.31,0,0,0,296.31,0,0,0,296.31,179.9794,-179.9794,1,1,0,0
11.009,296.31,0,0,0,296.31,0,0,0,296.31,194.938,-194.938,1,1,0,0
11.02565,296.31,0,0,0,296.31,0,0,0,296.31,194.938,-194.938,1,1,0,0
11.0423,296.31,0,0,0,296.31,0,0,0,296.31,209.7454,-209.7454,1,1,0,0
11.05895,296.31,0,0,0,296.31,0,0,0,296.31,209.7454,-209.7454,1,1,0,0
11.0756,296.31,0,0,0,296.31,0,0,0,296.31,209.7454,-209.7454,1,1,0,0
11.09225,296.31,0,0,0,296.31,0,0,0,296.31,222.2078,-222.2078,1,1,0,0
11.1089,296.31,0,0,0,296.31,0,0,0,296.31,222.2078,-222.2078,1,1,0,0
11.12555,296.31,0,0,0,296.31,0,0,0,296.31,230.3651,-230.3651,1,1,0,0
11.1422,296.31,0,0,0,296.31,0,0,0,296.31,230.3651,-230.3651,1,1,0,0
11.15885,296.31,0,0,0,296.31,0,0,0,296.31,232.7945,-232.7945,1,1,0,0
11.1755,296.31,0,0,0,296.31,0,0,0,296.31,232.7945,-232.7945,1,1,0,0
11.19215,296.31,0,0,0,296.31,0,0,0,296.31,228.8279,-228.8279,1,1,0,0
11.2088,296.31,0,0,0,296.31,0,0,0,296.31,228.8279,-228.8279,1,1,0,0
11.22545,296.31,0,0,0,296.31,0,0,0,296.31,228.8279,-228.8279,1,1,0,0
11.2421,296.31,0,0,0,296.31,0,0,0,296.31,218.6503,-218.6503,1,1,0,0
11.25875,296.31,0,0,0,296.31,0,0,0,296.31,218.6503,-218.6503,1,1,0,0
11.2754,296.31,0,0,0,296.31,0,0,0,296.31,203.2624,-203.2624,1,1,0,0
11.29205,296.31,0,0,0,296.31,0,0,0,296.31,203.2624,-203.2624,1,1,0,0
11.3087,296.31,0,0,0,296.31,0,0,0,296.31,184.3165,-184.3165,1,1,0,0
11.32535,296.31,0,0,0,296.31,0,0,0,296.31,184.3165,-184.3165,1,1,0,0
11.342,296.31,0,0,0,296.31,0,0,0,296.31,163.8537,-163.8537,1,1,0,0
11.35865,296.31,0,0,0,296.31,0,0,0,296.31,163.8537,-163.8537,1,1,0,0
11.3753,296.31,0,0,0,296.31,0,0,0,296.31,163.8537,-163.8537,1,1,0,0
11.39195,296.31,0,0,0,296.31,0,0,0,296.31,143.9856,-143.9856,1,1,0,0
11.4086,296.31,0,0,0,296.31,0,0,0,296.31,143.9856,-143.9856,1,1,0,0
11.42525,296.31,0,0,0,296.31,0,0,0,296.31,126.5744,-126.5744,1,1,0,0
11.4419,296.31,0,0,0,296.31,0,0,0,296.31,126.5744,-126.5744,1,1,0,0
11.45855,296.31,0,0,0,296.31,0,0,0,296.31,112.9627,-112.9627,1,1,0,0
11.4752,296.31,0,0,0,296.31,0,0,0,296.31,112.9627,-112.9627,1,1,0,0
11.49185,296.31,0,0,0,296.31,0,0,0,296.31,103.7945,-103.7945,1,1,0,0
11.5085,296.31,0,0,0,296.31,0,0,0,296.31,103.7945,-103.7945,1,1,0,0
11.52515,296.31,0,0,0,296.31,0,0,0,296.31,103.7945,-103.7945,1,1,0,0
11.5418,296.31,0,0,0,296.31,0,0,0,296.31,98.95605,-98.95605,1,1,0,0
11.55845,296.31,0,0,0,296.31,0,0,0,296.31,98.95605,-98.95605,1,1,0,0
11.5751,296.31,0,0,0,296.31,0,0,0,296.31,97.64001,-97.64001,1,1,0,0
11.59175,296.31,0,0,0,296.31,0,0,0,296.31,97.64001,-97.64001,1,1,0,0
11.6084,296.31,0,0,0,296.31,0,0,0,296.31,98.51977,-98.51977,1,1,0,0
11.62505,296.31,0,0,0,296.31,0,0,0,296.31,98.51977,-98.51977,1,1,0,0
11.6417,296.31,0,0,0,296.31,0,0,0,296.31,99.99999,-99.99999,1,1,0,0
11.65835,296.31,0,0,0,296.31,0,0,0,296.31,99.99999,-99.99999,1,1,0,0
11.675,296.31,0,0,0,296.31,0,0,0,296.31,99.99999,-99.99999,1,1,0,0
11.69165,296.31,0,0,0,296.31,0,0,0,296.31,100.4993,-100.4993,1,1,0,0
11.7083,296.31,0,0,0,296.31,0,0,0,296.31,100.4993,-100.4993,1,1,0,0
11.72495,296.31,0,0,0,296.31,0,0,0,296.31,98.71574,-98.71574,1,1,0,0
11.7416,296.31,0,0,0,296.31,0,0,0,296.31,98.71574,-98.71574,1,1,0,0
11.75825,296.31,0,0,0,296.31,0,0,0,296.31,93.83195,-93.83195,1,1,0,0
11.7749,296.31,0,0,0,296.31,0,0,0,296.31,93.83195,-93.83195,1,1,0,0
11.79155,296.31,0,0,0,296.31,0,0,0,296.31,85.62651,-85.62651,1,1,0,0
11.8082,296.31,0,0,0,296.31,0,0,0,296.31,85.62651,-85.62651,1,1,0,0
11.82485,296.31,0,0,0,296.31,0,0,0,296.31,85.62651,-85.62651,1,1,0,0
11.8415,296.31,0,0,0,296.31,0,0,0,296.31,74.47796,-74.47796,1,1,0,0
11.85815,296.31,0,0,0,296.31,0,0,0,296.31,74.47796,-74.47796,1,1,0,0
11.8748,296.31,0,0,0,296.31,0,0,0,296.31,61.2652,-61.2652,1,1,0,0
11.89145,296.31,0,0,0,296.31,0,0,0,296.31,61.2652,-61.2652,1,1,0,0
11.9081,296.31,0,0,0,296.31,0,0,0,296.31,47.18697,-47.18697,1,1,0,0
11.92475,296.31,0,0,0,296.31,0,0,0,296.31,47.18697,-47.18697,1,1,0,0
11.9414,296.31,0,0,0,296.31,0,0,0,296.31,33.5363,-33.5363,1,1,0,0
11.95805,296.31,0,0,0,296.31,0,0,0,296.31,33.5363,-33.5363,1,1,0,0
11.9747,296.31,0,0,0,296.31,0,0,0,296.31,33.5363,-33.5363,1,1,0,0
11.99135,296.31,0,0,0,296.31,0,0,0,296.31,21.47265,-21.47265,1,1,0,0
12.008,296.31,0,0,0,296.31,0,0,0,296.31,21.47265,-21.47265,1,1,0,0
12.02465,296.31,0,0,0,296.31,0,0,0,296.31,11.83286,-11.83286,1,1,0,0
12.0413,296.31,0,0,0,296.31,0,0,0,296.31,11.83286,-11.83286,1,1,0,0
12.05795,296.31,0,0,0,296.31,0,0,0,296.31,5.013976,-5.013976,1,1,0,0
12.0746,296.31,0,0,0,296.31,0,0,0,296.31,5.013976,-5.013976,1,1,0,0
12.09125,296.31,0,0,0,296.31,0,0,0,296.31,0.9461155,-0.9461155,1,1,0,0
12.1079,296.31,0,0,0,296.31,0,0,0,296.31,0.9461155,-0.9461155,1,1,0,0
12.12455,296.31,0,0,0,296.31,0,0,0,296.31,0.9461155,-0.9461155,1,1,0,0
12.1412,296.31,0,0,0,296.31,0,0,0,296.31,-0.8434329,0.8434329,1,1,0,0
12.15785,296.31,0,0,0,296.31,0,0,0,296.31,-0.8434329,0.8434329,1,1,0,0
12.1745,296.31,0,0,0,296.31,0,0,0,296.31,-1.091209,1.091209,1,1,0,0
12.19115,296.31,0,0,0,296.31,0,0,0,296.31,-1.091209,1.091209,1,1,0,0
12.2078,296.31,0,0,0,296.31,0,0,0,296.31,-0.6135178,0.6135178,1,1,0,0
12.22445,296.31,0,0,0,296.31,0,0,0,296.31,-0.6135178,0.6135178,1,1,0,0
12.2411,296.31,0,0,0,296.31,0,0,0,296.31,-0.1151329,0.1151329,1,1,0,0
12.25775,296.31,0,0,0,296.31,0,0,0,296.31,-0.1151329,0.1151329,1,1,0,0
12.2744,296.31,0,0,0,296.31,0,0,0,296.31,0,0,0,100,0,0
12.29105,296.31,0,0,0,296.31,0,0,0,296.31,0,0,0,100,0,0
12.3077,296.31,0,0,0,296.31,0,0,0,296.31,-1.70659,-1.70659,0,100,0,0
12.32435,296.31,0,0,0,296.31,0,0,0,296.31,-1.70659,-1.70659,0,100,0,0
12.341,296.31,0,0,0,296.31,0,0,0,296.31,-7.150632,-7.150632,0,100,0,0
12.35765,296.31,0,0,0,296.31,0,0,0,296.31,-7.150632,-7.150632,0,100,0,0
12.3743,296.31,0,0,0,296.31,0,0,0,296.31,-7.150632,-7.150632,0,100,0,0
12.39095,296.31,0,0,0,296.31,0,0,0,296.31,-16.26046,-16.26046,0,100,0,0
12.4076,296.31,0,0,0,296.31,0,0,0,296.31,-16.26046,-16.26046,0,100,0,0
12.42425,296.31,0,0,0,296.31,0,0,0,296.31,-28.08848,-28.08848,0,100,0,0
12.4409,296.31,0,0,0,296.31,0,0,0,296.31,-28.08848,-28.08848,0,100,0,0
12.45755,296.31,0,0,0,296.31,0,0,0,296.31,-40.80833,-40.80833,0,100,0,0
12.4742,296.31,0,0,0,296.31,0,0,0,296.31,-40.80833,-40.80833,0,100,0,0
12.49085,296.31,0,0,0,296.31,0,0,0,296.31,-51.91547,-51.91547,0,100,0,0
12.5075,296.31,0,0,0,296.31,0,0,0,296.31,-51.91547,-51.91547,0,100,0,0
12.52415,296.31,0,0,0,296.31,0,0,0,296.31,-51.91547,-51.91547,0,100,0,0
12.5408,296.31,0,0,0,296.31,0,0,0,296.31,-58.60818,-58.60818,0,100,0,0
12.55745,296.31,0,0,0,296.31,0,0,0,296.31,-58.60818,-58.60818,0,100,0,0
12.5741,296.31,0,0,0,296.31,0,0,0,296.31,-58.28283,-58.28283,0,100,0,0
12.59075,296.31,0,0,0,296.31,0,0,0,296.31,-58.28283,-58.28283,0,100,0,0
12.6074,296.31,0,0,0,296.31,0,0,0,296.31,-49.04873,-49.04873,0,100,0,0
12.62405,296.31,0,0,0,296.31,0,0,0,296.31,-49.04873,-49.04873,0,100,0,0
12.6407,296.31,0,0,0,296.31,0,0,0,296.31,-30.15787,-30.15787,0,100,0,0
12.65735,296.31,0,0,0,296.31,0,0,0,296.31,-30.15787,-30.15787,0,100,0,0
12.674,296.31,0,0,0,296.31,0,0,0,296.31,-30.15787,-30.15787,0,100,0,0
12.69065,296.31,0,0,0,296.31,0,0,0,296.31,-2.25725,-2.25725,0,100,0,0
12.7073,296.31,0,0,0,296.31,0,0,0,296.31,-2.25725,-2.25725,0,100,0,0
12.72395,296.31,0,0,0,296.31,0,0,0,296.31,32.59613,32.59613,0,100,0,0
12.7406,296.31,0,0,0,296.31,0,0,0,296.31,32.59613,32.59613,0,100,0,0
12.75725,296.31,0,0,0,296.31,0,0,0,296.31,71.17432,71.17432,0,100,0,0
12.7739,296.31,0,0,0,296.31,0,0,0,296.31,71.17432,71.17432,0,100,0,0
12.79055,296.31,0,0,0,296.31,0,0,0,296.31,109.5343,109.5343,0,100,0,0
12.8072,296.31,0,0,0,296.31,0,0,0,296.31,109.5343,109.5343,0,100,0,0
12.82385,296.31,0,0,0,296.31,0,0,0,296.31,109.5343,109.5343,0,100,0,0
12.8405,296.31,0,0,0,296.31,0,0,0,296.31,143.6142,143.6142,0,100,0,0
12.85715,296.31,0,0,0,296.31,0,0,0,296.31,143.6142,143.6142,0,100,0,0
12.8738,296.31,0,0,0,296.31,0,0,0,296.31,169.8615,169.8615,0,100,0,0
12.89045,296.31,0,0,0,296.31,0,0,0,296.31,169.8615,169.8615,0,100,0,0
12.9071,296.31,0,0,0,296.31,0,0,0,296.31,185.7807,185.7807,0,100,0,0
12.92375,296.31,0,0,0,296.31,0,0,0,296.31,185.7807,185.7807,0,100,0,0
12.9404,296.31,0,0,0,296.31,0,0,0,296.31,190.2999,190.2999,0,100,0,0
12.95705,296.31,0,0,0,296.31,0,0,0,296.31,190.2999,190.2999,0,100,0,0
12.9737,296.31,0,0,0,296.31,0,0,0,296.31,190.2999,190.2999,0,100,0,0
12.99035,296.31,0,0,0,296.31,0,0,0,296.31,183.8937,183.8937,0,100,0,0
13.007,296.31,0,0,0,296.31,0,0,0,296.31,183.8937,183.8937,0,100,0,0
13.02365,296.31,0,0,0,296.31,0,0,0,296.31,168.4446,168.4446,0,100,0,0
13.0403,296.31,0,0,0,296.31,0,0,0,296.31,168.4446,168.4446,0,100,0,0
13.05695,296.31,0,0,0,296.31,0,0,0,296.31,146.8802,146.8802,0,100,0,0
13.0736,296.31,0,0,0,296.31,0,0,0,296.31,146.8802,146.8802,0,100,0,0
13.09025,296.31,0,0,0,296.31,0,0,0,296.31,122.6541,122.6541,0,100,0,0
13.1069,296.31,0,0,0,296.31,0,0,0,296.31,122.6541,122.6541,0,100,0,0
13.12355,296.31,0,0,0,296.31,0,0,0,296.31,122.6541,122.6541,0,100,0,0
13.1402,296.31,0,0,0,296.31,0,0,0,296.31,99.18154,99.18154,0,100,0,0
13.15685,296.31,0,0,0,296.31,0,0,0,296.31,99.18154,99.18154,0,100,0,0
13.1735,296.31,0,0,0,296.31,0,0,0,296.31,79.32992,79.32992,0,100,0,0
13.19015,296.31,0,0,0,296.31,0,0,0,296.31,79.32992,79.32992,0,100,0,0
13.2068,296.31,0,0,0,296.31,0,0,0,296.31,65.05547,65.05547,0,100,0,0
13.22345,296.31,0,0,0,296.31,0,0,0,296.31,65.05547,65.05547,0,100,0,0
13.2401,296.31,0,0,0,296.31,0,0,0,296.31,57.24125,57.24125,0,100,0,0
13.25675,296.31,0,0,0,296.31,0,0,0,296.31,57.24125,57.24125,0,100,0,0
13.2734,296.31,0,0,0,296.31,0,0,0,296.31,57.24125,57.24125,0,100,0,0
13.29005,296.31,0,0,0,296.31,0,0,0,296.31,55.74834,55.74834,0,100,0,0
13.3067,296.31,0,0,0,296.31,0,0,0,296.31,55.74834,55.74834,0,100,0,0
13.32335,296.31,0,0,0,296.31,0,0,0,296.31,59.64558,59.64558,0,100,0,0
13.34,296.31,0,0,0,296.31,0,0,0,296.31,59.64558,59.64558,0,100,0,0
13.35665,296.31,0,0,0,296.31,0,0,0,296.31,67.55032,67.55032,0,100,0,0
13.3733,296.31,0,0,0,296.31,0,0,0,296.31,67.55032,67.55032,0,100,0,0
13.38995,296.31,0,0,0,296.31,0,0,0,296.31,77.99249,77.99249,0,100,0,0
13.4066,296.31,0,0,0,296.31,0,0,0,296.31,77.99249,77.99249,0,100,0,0
13.42325,296.31,0,0,0,296.31,0,0,0,296.31,77.99249,77.99249,0,100,0,0
13.4399,296.31,0,0,0,296.31,0,0,0,296.31,89.71939,89.71939,0,100,0,0
13.45655,296.31,0,0,0,296.31,0,0,0,296.31,89.71939,89.71939,0,100,0,0
13.4732,296.31,0,0,0,296.31,0,0,0,296.31,101.8738,101.8738,0,100,0,0
13.48985,296.31,0,0,0,296.31,0,0,0,296.31,101.8738,101.8738,0,100,0,0
13.5065,296.31,0,0,0,296.31,0,0,0,296.31,114.018,114.018,0,100,0,0
13.52315,296.31,0,0,0,296.31,0,0,0,296.31,114.018,114.018,0,100,0,0
13.5398,296.31,0,0,0,296.31,0,0,0,296.31,126.014,126.014,0,100,0,0
13.55645,296.31,0,0,0,296.31,0,0,0,296.31,126.014,126.014,0,100,0,0
13.5731,296.31,0,0,0,296.31,0,0,0,296.31,126.014,126.014,0,100,0,0
13.58975,296.31,0,0,0,296.31,0,0,0,296.31,137.8057,137.8057,0,100,0,0
13.6064,296.31,0,0,0,296.31,0,0,0,296.31,137.8057,137.8057,0,100,0,0
13.62305,296.31,0,0,0,296.31,0,0,0,296.31,149.1759,149.1759,0,100,0,0
13.6397,296.31,0,0,0,296.31,0,0,0,296.31,149.1759,149.1759,0,100,0,0
13.65635,296.31,0,0,0,296.31,0,0,0,296.31,159.554,159.554,0,100,0,0
13.673,296.31,0,0,0,296.31,0,0,0,296.31,159.554,159.554,0,100,0,0
13.68965,296.31,0,0,0,296.31,0,0,0,296.31,167.9404,167.9404,0,100,0,0
13.7063,296.31,0,0,0,296.31,0,0,0,296.31,167.9404,167.9404,0,100,0,0
13.72295,296.31,0,0,0,296.31,0,0,0,296.31,167.9404,167.9404,0,100,0,0
13.7396,296.31,0,0,0,296.31,0,0,0,296.31,172.9828,172.9828,0,100,0,0
13.75625,296.31,0,0,0,296.31,0,0,0,296.31,172.9828,172.9828,0,100,0,0
13.7729,296.31,0,0,0,296.31,0,0,0,296.31,173.2022,173.2022,0,100,0,0
13.78955,296.31,0,0,0,296.31,0,0,0,296.31,173.2022,173.2022,0,100,0,0
13.8062,296.31,0,0,0,296.31,0,0,0,296.31,167.3249,167.3249,0,100,0,0
13.82285,296.31,0,0,0,296.31,0,0,0,296.31,167.3249,167.3249,0,100,0,0
13.8395,296.31,0,0,0,296.31,0,0,0,296.31,167.3249,167.3249,0,100,0,0
13.85615,296.31,0,0,0,296.31,0,0,0,296.31,154.6503,154.6503,0,100,0,0
13.8728,296.31,0,0,0,296.31,0,0,0,296.31,154.6503,154.6503,0,100,0,0
13.88945,296.31,0,0,0,296.31,0,0,0,296.31,135.3615,135.3615,0,100,0,0
13.9061,296.31,0,0,0,296.31,0,0,0,296.31,135.3615,135.3615,0,100,0,0
13.92275,296.31,0,0,0,296.31,0,0,0,296.31,110.7049,110.7049,0,100,0,0
13.9394,296.31,0,0,0,296.31,0,0,0,296.31,110.7049,110.7049,0,100,0,0
13.95605,296.31,0,0,0,296.31,0,0,0,296.31,82.96791,82.96791,0,100,0,0
13.9727,296.31,0,0,0,296.31,0,0,0,296.31,82.96791,82.96791,0,100,0,0
13.98935,296.31,0,0,0,296.31,0,0,0,296.31,82.96791,82.96791,0,100,0,0
14.006,296.31,0,0,0,296.31,0,0,0,296.31,55.25026,55.25026,0,100,0,0
14.02265,296.31,0,0,0,296.31,0,0,0,296.31,55.25026,55.25026,0,100,0,0
14.0393,296.31,0,0,0,296.31,0,0,0,296.31,31.0416,31.0416,0,100,0,0
14.05595,296.31,0,0,0,296.31,0,0,0,296.31,31.0416,31.0416,0,100,0,0
14.0726,296.31,0,0,0,296.31,0,0,0,296.31,13.68309,13.68309,0,100,0,0
14.08925,296.31,0,0,0,296.31,0,0,0,296.31,13.68309,13.68309,0,100,0,0
14.1059,296.31,0,0,0,296.31,0,0,0,296.31,5.805095,5.805095,0,100,0,0
14.12255,296.31,0,0,0,296.31,0,0,0,296.31,5.805095,5.805095,0,100,0,0
14.1392,296.31,0,0,0,296.31,0,0,0,296.31,5.805095,5.805095,0,100,0,0
14.15585,296.31,0,0,0,296.31,0,0,0,296.31,8.851567,8.851567,0,100,0,0
14.1725,296.31,0,0,0,296.31,0,0,0,296.31,8.851567,8.851567,0,100,0,0
14.18915,296.31,0,0,0,296.31,0,0,0,296.31,22.78444,22.78444,0,100,0,0
14.2058,296.31,0,0,0,296.31,0,0,0,296.31,22.78444,22.78444,0,100,0,0
14.22245,296.31,0,0,0,296.31,0,0,0,296.31,46.03031,46.03031,0,100,0,0
14.2391,296.31,0,0,0,296.31,0,0,0,296.31,46.03031,46.03031,0,100,0,0
14.25575,296.31,0,0,0,296.31,0,0,0,296.31,75.69062,75.69062,0,100,0,0
14.2724,296.31,0,0,0,296.31,0,0,0,296.31,75.69062,75.69062,0,100,0,0
14.28905,296.31,0,0,0,296.31,0,0,0,296.31,75.69062,75.69062,0,100,0,0
14.3057,296.31,0,0,0,296.31,0,0,0,296.31,107.9752,107.9752,0,100,0,0
14.32235,296.31,0,0,0,296.31,0,0,0,296.31,107.9752,107.9752,0,100,0,0
14.339,296.31,0,0,0,296.31,0,0,0,296.31,138.7922,138.7922,0,100,0,0
14.35565,296.31,0,0,0,296.31,0,0,0,296.31,138.7922,138.7922,0,100,0,0
14.3723,296.31,0,0,0,296.31,0,0,0,296.31,164.3744,164.3744,0,100,0,0
14.38895,296.31,0,0,0,296.31,0,0,0,296.31,164.3744,164.3744,0,100,0,0
14.4056,296.31,0,0,0,296.31,0,0,0,296.31,181.8438,181.8438,0,100,0,0
14.42225,296.31,0,0,0,296.31,0,0,0,296.31,181.8438,181.8438,0,100,0,0
14.4389,296.31,0,0,0,296.31,0,0,0,296.31,181.8438,181.8438,0,100,0,0
14.45555,296.31,0,0,0,296.31,0,0,0,296.31,189.599,189.599,0,100,0,0
14.4722,296.31,0,0,0,296.31,0,0,0,296.31,189.599,189.599,0,100,0,0
14.48885,296.31,0,0,0,296.31,0,0,0,296.31,187.4722,187.4722,0,100,0,0
14.5055,296.31,0,0,0,296.31,0,0,0,296.31,187.4722,187.4722,0,100,0,0
14.52215,296.31,0,0,0,296.31,0,0,0,296.31,176.6307,176.6307,0,100,0,0
14.5388,296.31,0,0,0,296.31,0,0,0,296.31,176.6307,176.6307,0,100,0,0
14.55545,296.31,0,0,0,296.31,0,0,0,296.31,159.2567,159.2567,0,100,0,0
14.5721,296.31,0,0,0,296.31,0,0,0,296.31,159.2567,159.2567,0,100,0,0
14.58875,296.31,0,0,0,296.31,0,0,0,296.31,159.2567,159.2567,0,100,0,0
14.6054,296.31,0,0,0,296.31,0,0,0,296.31,138.0788,138.0788,0,100,0,0
14.62205,296.31,0,0,0,296.31,0,0,0,296.31,138.0788,138.0788,0,100,0,0
14.6387,296.31,0,0,0,296.31,0,0,0,296.31,115.8501,115.8501,0,100,0,0
14.65535,296.31,0,0,0,296.31,0,0,0,296.31,115.8501,115.8501,0,100,0,0
14.672,296.31,0,0,0,296.31,0,0,0,296.31,94.88436,94.88436,0,100,0,0
14.68865,296.31,0,0,0,296.31,0,0,0,296.31,94.88436,94.88436,0,100,0,0
14.7053,296.31,0,0,0,296.31,0,0,0,296.31,76.72623,76.72623,0,100,0,0
14.72195,296.31,0,0,0,296.31,0,0,0,296.31,76.72623,76.72623,0,100,0,0
14.7386,296.31,0,0,0,296.31,0,0,0,296.31,76.72623,76.72623,0,100,0,0
14.75525,296.31,0,0,0,296.31,0,0,0,296.31,62.02186,62.02186,0,100,0,0
14.7719,296.31,0,0,0,296.31,0,0,0,296.31,62.02186,62.02186,0,100,0,0
14.78855,296.31,0,0,0,296.31,0,0,0,296.31,50.58477,50.58477,0,100,0,0
14.8052,296.31,0,0,0,296.31,0,0,0,296.31,50.58477,50.58477,0,100,0,0
14.82185,296.31,0,0,0,296.31,0,0,0,296.31,41.63565,41.63565,0,100,0,0
14.8385,296.31,0,0,0,296.31,0,0,0,296.31,41.63565,41.63565,0,100,0,0
14.85515,296.31,0,0,0,296.31,0,0,0,296.31,34.13641,34.13641,0,100,0,0
14.8718,296.31,0,0,0,296.31,0,0,0,296.31,34.13641,34.13641,0,100,0,0
14.88845,296.31,0,0,0,296.31,0,0,0,296.31,34.13641,34.13641,0,100,0,0
14.9051,296.31,0,0,0,296.31,0,0,0,296.31,27.14005,27.14005,0,100,0,0
14.92175,296.31,0,0,0,296.31,0,0,0,296.31,27.14005,27.14005,0,100,0,0
14.9384,296.31,0,0,0,296.31,0,0,0,296.31,20.06634,20.06634,0,100,0,0
14.95505,296.31,0,0,0,296.31,0,0,0,296.31,20.06634,20.06634,0,100,0,0
14.9717,296.31,0,0,0,296.31,0,0,0,296.31,12.84518,12.84518,0,100,0,0
14.98835,296.31,0,0,0,296.31,0,0,0,296.31,12.84518,12.84518,0,100,0,0
15.005,296.31,0,0,0,296.31,0,0,0,296.31,5.894171,5.894171,0,100,0,0
15.02165,296.31,0,0,0,296.31,0,0,0,296.31,5.894171,5.894171,0,100,0,0
15.0383,296.31,0,0,0,296.31,0,0,0,296.31,5.894171,5.894171,0,100,0,0
15.05495,296.31,0,0,0,296.31,0,0,0,296.31,-0.04640279,-0.04640279,0,100,0,0
15.0716,296.31,0,0,0,296.31,0,0,0,296.31,-0.04640279,-0.04640279,0,100,0,0
15.08825,296.31,0,0,0,296.31,0,0,0,296.31,-4.187515,-4.187515,0,100,0,0
15.1049,296.31,0,0,0,296.31,0,0,0,296.31,-4.187515,-4.187515,0,100,0,0
15.12155,296.31,0,0,0,296.31,0,0,0,296.31,-5.980599,-5.980599,0,100,0,0
15.1382,296.31,0,0,0,296.31,0,0,0,296.31,-5.980599,-5.980599,0,100,0,0
15.15485,296.31,0,0,0,296.31,0,0,0,296.31,-5.360193,-5.360193,0,100,0,0
15.1715,296.31,0,0,0,296.31,0,0,0,296.31,-5.360193,-5.360193,0,100,0,0
15.18815,296.31,0,0,0,296.31,0,0,0,296.31,-5.360193,-5.360193,0,100,0,0
15.2048,296.31,0,0,0,296.31,0,0,0,296.31,-2.857061,-2.857061,0,100,0,0
15.22145,296.31,0,0,0,296.31,0,0,0,296.31,-2.857061,-2.857061,0,100,0,0
15.2381,296.31,0,0,0,296.31,0,0,0,296.31,0.4438918,0.4438918,0,100,0,0
15.25475,296.31,0,0,0,296.31,0,0,0,296.31,0.4438918,0.4438918,0,100,0,0
15.2714,296.31,0,0,0,296.31,0,0,0,296.31,3.109815,3.109815,0,100,0,0
15.28805,296.31,0,0,0,296.31,0,0,0,296.31,3.109815,3.109815,0,100,0,0
15.3047,296.31,0,0,0,296.31,0,0,0,296.31,3.683758,3.683758,0,100,0,0
15.32135,296.31,0,0,0,296.31,0,0,0,296.31,3.683758,3.683758,0,100,0,0
15.338,296.31,0,0,0,296.31,0,0,0,296.31,3.683758,3.683758,0,100,0,0
15.35465,296.31,0,0,0,296.31,0,0,0,296.31,1.054285,1.054285,0,100,0,0
15.3713,296.31,0,0,0,296.31,0,0,0,296.31,1.054285,1.054285,0,100,0,0
15.38795,296.31,0,0,0,296.31,0,0,0,296.31,-5.213245,-5.213245,0,100,0,0
15.4046,296.31,0,0,0,296.31,0,0,0,296.31,-5.213245,-5.213245,0,100,0,0
15.42125,296.31,0,0,0,296.31,0,0,0,296.31,-14.67316,-14.67316,0,100,0,0
15.4379,296.31,0,0,0,296.31,0,0,0,296.31,-14.67316,-14.67316,0,100,0,0
15.45455,296.31,0,0,0,296.31,0,0,0,296.31,-25.97552,-25.97552,0,100,0,0
15.4712,296.31,0,0,0,296.31,0,0,0,296.31,-25.97552,-25.97552,0,100,0,0
15.48785,296.31,0,0,0,296.31,0,0,0,296.31,-25.97552,-25.97552,0,100,0,0
15.5045,296.31,0,0,0,296.31,0,0,0,296.31,-37.05327,-37.05327,0,100,0,0
15.52115,296.31,0,0,0,296.31,0,0,0,296.31,-37.05327,-37.05327,0,100,0,0
15.5378,296.31,0,0,0,296.31,0,0,0,296.31,-45.48457,-45.48457,0,100,0,0
15.55445,296.31,0,0,0,296.31,0,0,0,296.31,-45.48457,-45.48457,0,100,0,0
15.5711,296.31,0,0,0,296.31,0,0,0,296.31,-48.97718,-48.97718,0,100,0,0
15.58775,296.31,0,0,0,296.31,0,0,0,296.31,-48.97718,-48.97718,0,100,0,0
15.6044,296.31,0,0,0,296.31,0,0,0,296.31,-45.87046,-45.87046,0,100,0,0
15.62105,296.31,0,0,0,296.31,0,0,0,296.31,-45.87046,-45.87046,0,100,0,0
15.6377,296.31,0,0,0,296.31,0,0,0,296.31,-45.87046,-45.87046,0,100,0,0
15.65435,296.31,0,0,0,296.31,0,0,0,296.31,-35.55795,-35.55795,0,100,0,0
15.671,296.31,0,0,0,296.31,0,0,0,296.31,-35.55795,-35.55795,0,100,0,0
15.68765,296.31,0,0,0,296.31,0,0,0,296.31,-18.73468,-18.73468,0,100,0,0
15.7043,296.31,0,0,0,296.31,0,0,0,296.31,-18.73468,-18.73468,0,100,0,0
15.72095,296.31,0,0,0,296.31,0,0,0,296.31,2.590646,2.590646,0,100,0,0
15.7376,296.31,0,0,0,296.31,0,0,0,296.31,2.590646,2.590646,0,100,0,0
15.75425,296.31,0,0,0,296.31,0,0,0,296.31,25.33087,25.33087,0,100,0,0
15.7709,296.31,0,0,0,296.31,0,0,0,296.31,25.33087,25.33087,0,100,0,0
15.78755,296.31,0,0,0,296.31,0,0,0,296.31,25.33087,25.33087,0,100,0,0
15.8042,296.31,0,0,0,296.31,0,0,0,296.31,45.77417,45.77417,0,100,0,0
15.82085,296.31,0,0,0,296.31,0,0,0,296.31,45.77417,45.77417,0,100,0,0
15.8375,296.31,0,0,0,296.31,0,0,0,296.31,60.16864,60.16864,0,100,0,0
15.85415,296.31,0,0,0,296.31,0,0,0,296.31,60.16864,60.16864,0,100,0,0
15.8708,296.31,0,0,0,296.31,0,0,0,296.31,65.34313,65.34313,0,100,0,0
15.88745,296.31,0,0,0,296.31,0,0,0,296.31,65.34313,65.34313,0,100,0,0
15.9041,296.31,0,0,0,296.31,0,0,0,296.31,59.23824,59.23824,0,100,0,0
15.92075,296.31,0,0,0,296.31,0,0,0,296.31,59.23824,59.23824,0,100,0,0
15.9374,296.31,0,0,0,296.31,0,0,0,296.31,59.23824,59.23824,0,100,0,0
15.95405,296.31,0,0,0,296.31,0,0,0,296.31,41.25986,41.25986,0,100,0,0
15.9707,296.31,0,0,0,296.31,0,0,0,296.31,41.25986,41.25986,0,100,0,0
15.98735,296.31,0,0,0,296.31,0,0,0,296.31,12.38297,12.38297,0,100,0,0
16.004,296.31,0,0,0,296.31,0,0,0,296.31,12.38297,12.38297,0,100,0,0
16.02065,296.31,0,0,0,296.31,0,0,0,296.31,-25.00164,-25.00164,0,100,0,0
16.0373,296.31,0,0,0,296.31,0,0,0,296.31,-25.00164,-25.00164,0,100,0,0
16.05395,296.31,0,0,0,296.31,0,0,0,296.31,-67.4728,-67.4728,0,100,0,0
16.0706,296.31,0,0,0,296.31,0,0,0,296.31,-67.4728,-67.4728,0,100,0,0
16.08725,296.31,0,0,0,296.31,0,0,0,296.31,-67.4728,-67.4728,0,100,0,0
16.1039,296.31,0,0,0,296.31,0,0,0,296.31,-111.1103,-111.1103,0,100,0,0
16.12055,296.31,0,0,0,296.31,0,0,0,296.31,-111.1103,-111.1103,0,100,0,0
16.1372,296.31,0,0,0,296.31,0,0,0,296.31,-152.0799,-152.0799,0,100,0,0
16.15385,296.31,0,0,0,296.31,0,0,0,296.31,-152.0799,-152.0799,0,100,0,0
16.1705,296.31,0,0,0,296.31,0,0,0,296.31,-187.1549,-187.1549,0,100,0,0
16.18715,296.31,0,0,0,296.31,0,0,0,296.31,-187.1549,-187.1549,0,100,0,0
16.2038,296.31,0,0,0,296.31,0,0,0,296.31,-214.0946,-214.0946,0,100,0,0
16.22045,296.31,0,0,0,296.31,0,0,0,296.31,-214.0946,-214.0946,0,100,0,0
16.2371,296.31,0,0,0,296.31,0,0,0,296.31,-214.0946,-214.0946,0,100,0,0
16.25375,296.31,0,0,0,296.31,0,0,0,296.31,-231.8136,-231.8136,0,100,0,0
16.2704,296.31,0,0,0,296.31,0,0,0,296.31,-231.8136,-231.8136,0,100,0,0
16.28705,296.31,0,0,0,296.31,0,0,0,296.31,-240.341,-240.341,0,100,0,0
16.3037,296.31,0,0,0,296.31,0,0,0,296.31,-240.341,-240.341,0,100,0,0
16.32035,296.31,0,0,0,296.31,0,0,0,296.31,-240.5915,-240.5915,0,100,0,0
16.337,296.31,0,0,0,296.31,0,0,0,296.31,-240.5915,-240.5915,0,100,0,0
16.35365,296.31,0,0,0,296.31,0,0,0,296.31,-234.0275,-234.0275,0,100,0,0
16.3703,296.31,0,0,0,296.31,0,0,0,296.31,-234.0275,-234.0275,0,100,0,0
16.38695,296.31,0,0,0,296.31,0,0,0,296.31,-234.0275,-234.0275,0,100,0,0
16.4036,296.31,0,0,0,296.31,0,0,0,296.31,-222.2907,-222.2907,0,100,0,0
16.42025,296.31,0,0,0,296.31,0,0,0,296.31,-222.2907,-222.2907,0,100,0,0
16.4369,296.31,0,0,0,296.31,0,0,0,296.31,-206.8918,-206.8918,0,100,0,0
16.45355,296.31,0,0,0,296.31,0,0,0,296.31,-206.8918,-206.8918,0,100,0,0
16.4702,296.31,0,0,0,296.31,0,0,0,296.31,-189.0241,-189.0241,0,100,0,0
16.48685,296.31,0,0,0,296.31,0,0,0,296.31,-189.0241,-189.0241,0,100,0,0
16.5035,296.31,0,0,0,296.31,0,0,0,296.31,-169.5254,-169.5254,0,100,0,0
16.52015,296.31,0,0,0,296.31,0,0,0,296.31,-169.5254,-169.5254,0,100,0,0
16.5368,296.31,0,0,0,296.31,0,0,0,296.31,-169.5254,-169.5254,0,100,0,0
16.55345,296.31,0,0,0,296.31,0,0,0,296.31,-148.9866,-148.9866,0,100,0,0
16.5701,296.31,0,0,0,296.31,0,0,0,296.31,-148.9866,-148.9866,0,100,0,0
16.58675,296.31,0,0,0,296.31,0,0,0,296.31,-127.9499,-127.9499,0,100,0,0
16.6034,296.31,0,0,0,296.31,0,0,0,296.31,-127.9499,-127.9499,0,100,0,0
16.62005,296.31,0,0,0,296.31,0,0,0,296.31,-107.1386,-107.1386,0,100,0,0
16.6367,296.31,0,0,0,296.31,0,0,0,296.31,-107.1386,-107.1386,0,100,0,0
16.65335,296.31,0,0,0,296.31,0,0,0,296.31,-87.62772,-87.62772,0,100,0,0
16.67,296.31,0,0,0,296.31,0,0,0,296.31,-87.62772,-87.62772,0,100,0,0
16.68665,296.31,0,0,0,296.31,0,0,0,296.31,-87.62772,-87.62772,0,100,0,0
16.7033,296.31,0,0,0,296.31,0,0,0,296.31,-70.90443,-70.90443,0,100,0,0
16.71995,296.31,0,0,0,296.31,0,0,0,296.31,-70.90443,-70.90443,0,100,0,0
16.7366,296.31,0,0,0,296.31,0,0,0,296.31,-58.77271,-58.77271,0,100,0,0
16.75325,296.31,0,0,0,296.31,0,0,0,296.31,-58.77271,-58.77271,0,100,0,0
16.7699,296.31,0,0,0,296.31,0,0,0,296.31,-53.11252,-53.11252,0,100,0,0
16.78655,296.31,0,0,0,296.31,0,0,0,296.31,-53.11252,-53.11252,0,100,0,0
16.8032,296.31,0,0,0,296.31,0,0,0,296.31,-55.53304,-55.53304,0,100,0,0
16.81985,296.31,0,0,0,296.31,0,0,0,296.31,-55.53304,-55.53304,0,100,0,0
16.8365,296.31,0,0,0,296.31,0,0,0,296.31,-55.53304,-55.53304,0,100,0,0
16.85315,296.31,0,0,0,296.31,0,0,0,296.31,-66.99315,-66.99315,0,100,0,0
16.8698,296.31,0,0,0,296.31,0,0,0,296.31,-66.99315,-66.99315,0,100,0,0
16.88645,296.31,0,0,0,296.31,0,0,0,296.31,-87.48141,-87.48141,0,100,0,0
16.9031,296.31,0,0,0,296.31,0,0,0,296.31,-87.48141,-87.48141,0,100,0,0
16.91975,296.31,0,0,0,296.31,0,0,0,296.31,-115.8313,-115.8313,0,100,0,0
16.9364,296.31,0,0,0,296.31,0,0,0,296.31,-115.8313,-115.8313,0,100,0,0
16.95305,296.31,0,0,0,296.31,0,0,0,296.31,-149.7389,-149.7389,0,100,0,0
16.9697,296.31,0,0,0,296.31,0,0,0,296.31,-149.7389,-149.7389,0,100,0,0
16.98635,296.31,0,0,0,296.31,0,0,0,296.31,-149.7389,-149.7389,0,100,0,0
17.003,296.31,0,0,0,296.31,0,0,0,296.31,-185.9936,-185.9936,0,100,0,0
17.01965,296.31,0,0,0,296.31,0,0,0,296.31,-185.9936,-185.9936,0,100,0,0
17.0363,296.31,0,0,0,296.31,0,0,0,296.31,-220.905,-220.905,0,100,0,0
17.05295,296.31,0,0,0,296.31,0,0,0,296.31,-220.905,-220.905,0,100,0,0
17.0696,296.31,0,0,0,296.31,0,0,0,296.31,-250.8464,-250.8464,0,100,0,0
17.08625,296.31,0,0,0,296.31,0,0,0,296.31,-250.8464,-250.8464,0,100,0,0
17.1029,296.31,0,0,0,296.31,0,0,0,296.31,-272.8288,-272.8288,0,100,0,0
17.11955,296.31,0,0,0,296.31,0,0,0,296.31,-272.8288,-272.8288,0,100,0,0
17.1362,296.31,0,0,0,296.31,0,0,0,296.31,-272.8288,-272.8288,0,100,0,0
17.15285,296.31,0,0,0,296.31,0,0,0,296.31,-284.9887,-284.9887,0,100,0,0
17.1695,296.31,0,0,0,296.31,0,0,0,296.31,-284.9887,-284.9887,0,100,0,0
17.18615,296.31,0,0,0,296.31,0,0,0,296.31,-286.8986,-286.8986,0,100,0,0
17.2028,296.31,0,0,0,296.31,0,0,0,296.31,-286.8986,-286.8986,0,100,0,0
17.21945,296.31,0,0,0,296.31,0,0,0,296.31,-279.6367,-279.6367,0,100,0,0
17.2361,296.31,0,0,0,296.31,0,0,0,296.31,-279.6367,-279.6367,0,100,0,0
17.25275,296.31,0,0,0,296.31,0,0,0,296.31,-265.5949,-265.5949,0,100,0,0
17.2694,296.31,0,0,0,296.31,0,0,0,296.31,-265.5949,-265.5949,0,100,0,0
17.28605,296.31,0,0,0,296.31,0,0,0,296.31,-265.5949,-265.5949,0,100,0,0
17.3027,296.31,0,0,0,296.31,0,0,0,296.31,-248.0612,-248.0612,0,100,0,0
17.31935,296.31,0,0,0,296.31,0,0,0,296.31,-248.0612,-248.0612,0,100,0,0
17.336,296.31,0,0,0,296.31,0,0,0,296.31,-230.6519,-230.6519,0,100,0,0
17.35265,296.31,0,0,0,296.31,0,0,0,296.31,-230.6519,-230.6519,0,100,0,0
17.3693,296.31,0,0,0,296.31,0,0,0,296.31,-216.6958,-216.6958,0,100,0,0
17.38595,296.31,0,0,0,296.31,0,0,0,296.31,-216.6958,-216.6958,0,100,0,0
17.4026,296.31,0,0,0,296.31,0,0,0,296.31,-208.6915,-208.6915,0,100,0,0
17.41925,296.31,0,0,0,296.31,0,0,0,296.31,-208.6915,-208.6915,0,100,0,0
17.4359,296.31,0,0,0,296.31,0,0,0,296.31,-208.6915,-208.6915,0,100,0,0
17.45255,296.31,0,0,0,296.31,0,0,0,296.31,-207.9289,-207.9289,0,100,0,0
17.4692,296.31,0,0,0,296.31,0,0,0,296.31,-207.9289,-207.9289,0,100,0,0
17.48585,296.31,0,0,0,296.31,0,0,0,296.31,-214.3457,-214.3457,0,100,0,0
17.5025,296.31,0,0,0,296.31,0,0,0,296.31,-214.3457,-214.3457,0,100,0,0
17.51915,296.31,0,0,0,296.31,0,0,0,296.31,-226.6332,-226.6332,0,100,0,0
17.5358,296.31,0,0,0,296.31,0,0,0,296.31,-226.6332,-226.6332,0,100,0,0
17.55245,296.31,0,0,0,296.31,0,0,0,296.31,-242.5609,-242.5609,0,100,0,0
17.5691,296.31,0,0,0,296.31,0,0,0,296.31,-242.5609,-242.5609,0,100,0,0
17.58575,296.31,0,0,0,296.31,0,0,0,296.31,-242.5609,-242.5609,0,100,0,0
17.6024,296.31,0,0,0,296.31,0,0,0,296.31,-259.449,-259.449,0,100,0,0
17.61905,296.31,0,0,0,296.31,0,0,0,296.31,-259.449,-259.449,0,100,0,0
17.6357,296.31,0,0,0,296.31,0,0,0,296.31,-274.6845,-274.6845,0,100,0,0
17.65235,296.31,0,0,0,296.31,0,0,0,296.31,-274.6845,-274.6845,0,100,0,0
17.669,296.31,0,0,0,296.31,0,0,0,296.31,-286.1857,-286.1857,0,100,0,0
17.68565,296.31,0,0,0,296.31,0,0,0,296.31,-286.1857,-286.1857,0,100,0,0
17.7023,296.31,0,0,0,296.31,0,0,0,296.31,-292.717,-292.717,0,100,0,0
17.71895,296.31,0,0,0,296.31,0,0,0,296.31,-292.717,-292.717,0,100,0,0
17.7356,296.31,0,0,0,296.31,0,0,0,296.31,-292.717,-292.717,0,100,0,0
17.75225,296.31,0,0,0,296.31,0,0,0,296.31,-294.0145,-294.0145,0,100,0,0
17.7689,296.31,0,0,0,296.31,0,0,0,296.31,-294.0145,-294.0145,0,100,0,0
17.78555,296.31,0,0,0,296.31,0,0,0,296.31,-290.6999,-290.6999,0,100,0,0
17.8022,296.31,0,0,0,296.31,0,0,0,296.31,-290.6999,-290.6999,0,100,0,0
17.81885,296.31,0,0,0,296.31,0,0,0,296.31,-284.0309,-284.0309,0,100,0,0
17.8355,296.31,0,0,0,296.31,0,0,0,296.31,-284.0309,-284.0309,0,100,0,0
17.85215,296.31,0,0,0,296.31,0,0,0,296.31,-275.5461,-275.5461,0,100,0,0
17.8688,296.31,0,0,0,296.31,0,0,0,296.31,-275.5461,-275.5461,0,100,0,0
17.88545,296.31,0,0,0,296.31,0,0,0,296.31,-275.5461,-275.5461,0,100,0,0
17.9021,296.31,0,0,0,296.31,0,0,0,296.31,-266.6997,-266.6997,0,100,0,0
17.91875,296.31,0,0,0,296.31,0,0,0,296.31,-266.6997,-266.6997,0,100,0,0
17.9354,296.31,0,0,0,296.31,0,0,0,296.31,-258.567,-258.567,0,100,0,0
17.95205,296.31,0,0,0,296.31,0,0,0,296.31,-258.567,-258.567,0,100,0,0
17.9687,296.31,0,0,0,296.31,0,0,0,296.31,-251.6837,-251.6837,0,100,0,0
17.98535,296.31,0,0,0,296.31,0,0,0,296.31,-251.6837,-251.6837,0,100,0,0
18.002,296.31,0,0,0,296.31,0,0,0,296.31,-251.6837,-251.6837,0,100,0,0
18.01865,296.31,0,0,0,296.31,0,0,0,296.31,-246.0514,-246.0514,0,100,0,0
18.0353,296.31,0,0,0,296.31,0,0,0,296.31,-246.0514,-246.0514,0,100,0,0
18.05195,296.31,0,0,0,296.31,0,0,0,296.31,-241.2893,-241.2893,0,100,0,0
18.0686,296.31,0,0,0,296.31,0,0,0,296.31,-241.2893,-241.2893,0,100,0,0
18.08525,296.31,0,0,0,296.31,0,0,0,296.31,-236.893,-236.893,0,100,0,0
18.1019,296.31,0,0,0,296.31,0,0,0,296.31,-236.893,-236.893,0,100,0,0
18.11855,296.31,0,0,0,296.31,0,0,0,296.31,-232.5156,-232.5156,0,100,0,0
18.1352,296.31,0,0,0,296.31,0,0,0,296.31,-232.5156,-232.5156,0,100,0,0
18.15185,296.31,0,0,0,296.31,0,0,0,296.31,-232.5156,-232.5156,0,100,0,0
18.1685,296.31,0,0,0,296.31,0,0,0,296.31,-228.2021,-228.2021,0,100,0,0
18.18515,296.31,0,0,0,296.31,0,0,0,296.31,-228.2021,-228.2021,0,100,0,0
18.2018,296.31,0,0,0,296.31,0,0,0,296.31,-224.4996,-224.4996,0,100,0,0
18.21845,296.31,0,0,0,296.31,0,0,0,296.31,-224.4996,-224.4996,0,100,0,0
18.2351,296.31,0,0,0,296.31,0,0,0,296.31,-222.4131,-222.4131,0,100,0,0
18.25175,296.31,0,0,0,296.31,0,0,0,296.31,-222.4131,-222.4131,0,100,0,0
18.2684,296.31,0,0,0,296.31,0,0,0,296.31,-223.204,-223.204,0,100,0,0
18.28505,296.31,0,0,0,296.31,0,0,0,296.31,-223.204,-223.204,0,100,0,0
18.3017,296.31,0,0,0,296.31,0,0,0,296.31,-223.204,-223.204,0,100,0,0
18.31835,296.31,0,0,0,296.31,0,0,0,296.31,-228.0709,-228.0709,0,100,0,0
18.335,296.31,0,0,0,296.31,0,0,0,296.31,-228.0709,-228.0709,0,100,0,0
18.35165,296.31,0,0,0,296.31,0,0,0,296.31,-237.7899,-237.7899,0,100,0,0
18.3683,296.31,0,0,0,296.31,0,0,0,296.31,-237.7899,-237.7899,0,100,0,0
18.38495,296.31,0,0,0,296.31,0,0,0,296.31,-252.3945,-252.3945,0,100,0,0
18.4016,296.31,0,0,0,296.31,0,0,0,296.31,-252.3945,-252.3945,0,100,0,0
18.41825,296.31,0,0,0,296.31,0,0,0,296.31,-270.9871,-270.9871,0,100,0,0
18.4349,296.31,0,0,0,296.31,0,0,0,296.31,-270.9871,-270.9871,0,100,0,0
18.45155,296.31,0,0,0,296.31,0,0,0,296.31,-270.9871,-270.9871,0,100,0,0
18.4682,296.31,0,0,0,296.31,0,0,0,296.31,-291.7306,-291.7306,0,100,0,0
18.48485,296.31,0,0,0,296.31,0,0,0,296.31,-291.7306,-291.7306,0,100,0,0
18.5015,296.31,0,0,0,296.31,0,0,0,296.31,-312.0526,-312.0526,0,100,0,0
18.51815,296.31,0,0,0,296.31,0,0,0,296.31,-312.0526,-312.0526,0,100,0,0
18.5348,296.31,0,0,0,296.31,0,0,0,296.31,-329.0272,-329.0272,0,100,0,0
18.55145,296.31,0,0,0,296.31,0,0,0,296.31,-329.0272,-329.0272,0,100,0,0
18.5681,296.31,0,0,0,296.31,0,0,0,296.31,-339.8738,-339.8738,0,100,0,0
18.58475,296.31,0,0,0,296.31,0,0,0,296.31,-339.8738,-339.8738,0,100,0,0
18.6014,296.31,0,0,0,296.31,0,0,0,296.31,-339.8738,-339.8738,0,100,0,0
18.61805,296.31,0,0,0,296.31,0,0,0,296.31,-342.4805,-342.4805,0,100,0,0
18.6347,296.31,0,0,0,296.31,0,0,0,296.31,-342.4805,-342.4805,0,100,0,0
18.65135,296.31,0,0,0,296.31,0,0,0,296.31,-335.8399,-335.8399,0,100,0,0
18.668,296.31,0,0,0,296.31,0,0,0,296.31,-335.8399,-335.8399,0,100,0,0
18.68465,296.31,0,0,0,296.31,0,0,0,296.31,-320.3111,-320.3111,0,100,0,0
18.7013,296.31,0,0,0,296.31,0,0,0,296.31,-320.3111,-320.3111,0,100,0,0
18.71795,296.31,0,0,0,296.31,0,0,0,296.31,-297.6455,-297.6455,0,100,0,0
18.7346,296.31,0,0,0,296.31,0,0,0,296.31,-297.6455,-297.6455,0,100,0,0
18.75125,296.31,0,0,0,296.31,0,0,0,296.31,-297.6455,-297.6455,0,100,0,0
18.7679,296.31,0,0,0,296.31,0,0,0,296.31,-270.7568,-270.7568,0,100,0,0
18.78455,296.31,0,0,0,296.31,0,0,0,296.31,-270.7568,-270.7568,0,100,0,0
18.8012,296.31,0,0,0,296.31,0,0,0,296.31,-243.2795,-243.2795,0,100,0,0
18.81785,296.31,0,0,0,296.31,0,0,0,296.31,-243.2795,-243.2795,0,100,0,0
18.8345,296.31,0,0,0,296.31,0,0,0,296.31,-218.9795,-218.9795,0,100,0,0
18.85115,296.31,0,0,0,296.31,0,0,0,296.31,-218.9795,-218.9795,0,100,0,0
18.8678,296.31,0,0,0,296.31,0,0,0,296.31,-201.1402,-201.1402,0,100,0,0
18.88445,296.31,0,0,0,296.31,0,0,0,296.31,-201.1402,-201.1402,0,100,0,0
18.9011,296.31,0,0,0,296.31,0,0,0,296.31,-201.1402,-201.1402,0,100,0,0
18.91775,296.31,0,0,0,296.31,0,0,0,296.31,-192.0214,-192.0214,0,100,0,0
18.9344,296.31,0,0,0,296.31,0,0,0,296.31,-192.0214,-192.0214,0,100,0,0
18.95105,296.31,0,0,0,296.31,0,0,0,296.31,-192.5029,-192.5029,0,100,0,0
18.9677,296.31,0,0,0,296.31,0,0,0,296.31,-192.5029,-192.5029,0,100,0,0
18.98435,296.31,0,0,0,296.31,0,0,0,296.31,-201.9681,-201.9681,0,100,0,0
19.001,296.31,0,0,0,296.31,0,0,0,296.31,-201.9681,-201.9681,0,100,0,0
19.01765,296.31,0,0,0,296.31,0,0,0,296.31,-218.4461,-218.4461,0,100,0,0
19.0343,296.31,0,0,0,296.31,0,0,0,296.31,-218.4461,-218.4461,0,100,0,0
19.05095,296.31,0,0,0,296.31,0,0,0,296.31,-218.4461,-218.4461,0,100,0,0
19.0676,296.31,0,0,0,296.31,0,0,0,296.31,-238.9813,-238.9813,0,100,0,0
19.08425,296.31,0,0,0,296.31,0,0,0,296.31,-238.9813,-238.9813,0,100,0,0
19.1009,296.31,0,0,0,296.31,0,0,0,296.31,-260.1483,-260.1483,0,100,0,0
19.11755,296.31,0,0,0,296.31,0,0,0,296.31,-260.1483,-260.1483,0,100,0,0
19.1342,296.31,0,0,0,296.31,0,0,0,296.31,-278.6203,-278.6203,0,100,0,0
19.15085,296.31,0,0,0,296.31,0,0,0,296.31,-278.6203,-278.6203,0,100,0,0
19.1675,296.31,0,0,0,296.31,0,0,0,296.31,-291.6711,-291.6711,0,100,0,0
19.18415,296.31,0,0,0,296.31,0,0,0,296.31,-291.6711,-291.6711,0,100,0,0
19.2008,296.31,0,0,0,296.31,0,0,0,296.31,-291.6711,-291.6711,0,100,0,0
19.21745,296.31,0,0,0,296.31,0,0,0,296.31,-297.5379,-297.5379,0,100,0,0
19.2341,296.31,0,0,0,296.31,0,0,0,296.31,-297.5379,-297.5379,0,100,0,0
19.25075,296.31,0,0,0,296.31,0,0,0,296.31,-295.5716,-295.5716,0,100,0,0
19.2674,296.31,0,0,0,296.31,0,0,0,296.31,-295.5716,-295.5716,0,100,0,0
19.28405,296.31,0,0,0,296.31,0,0,0,296.31,-286.1822,-286.1822,0,100,0,0
19.3007,296.31,0,0,0,296.31,0,0,0,296.31,-286.1822,-286.1822,0,100,0,0
19.31735,296.31,0,0,0,296.31,0,0,0,296.31,-270.5948,-270.5948,0,100,0,0
19.334,296.31,0,0,0,296.31,0,0,0,296.31,-270.5948,-270.5948,0,100,0,0
19.35065,296.31,0,0,0,296.31,0,0,0,296.31,-270.5948,-270.5948,0,100,0,0
19.3673,296.31,0,0,0,296.31,0,0,0,296.31,-250.5026,-250.5026,0,100,0,0
19.38395,296.31,0,0,0,296.31,0,0,0,296.31,-250.5026,-250.5026,0,100,0,0
19.4006,296.31,0,0,0,296.31,0,0,0,296.31,-227.6885,-227.6885,0,100,0,0
19.41725,296.31,0,0,0,296.31,0,0,0,296.31,-227.6885,-227.6885,0,100,0,0
19.4339,296.31,0,0,0,296.31,0,0,0,296.31,-203.7111,-203.7111,0,100,0,0
19.45055,296.31,0,0,0,296.31,0,0,0,296.31,-203.7111,-203.7111,0,100,0,0
19.4672,296.31,0,0,0,296.31,0,0,0,296.31,-179.716,-179.716,0,100,0,0
19.48385,296.31,0,0,0,296.31,0,0,0,296.31,-179.716,-179.716,0,100,0,0
19.5005,296.31,0,0,0,296.31,0,0,0,296.31,-179.716,-179.716,0,100,0,0
19.51715,296.31,0,0,0,296.31,0,0,0,296.31,-156.3993,-156.3993,0,100,0,0
19.5338,296.31,0,0,0,296.31,0,0,0,296.31,-156.3993,-156.3993,0,100,0,0
19.55045,296.31,0,0,0,296.31,0,0,0,296.31,-134.1219,-134.1219,0,100,0,0
19.5671,296.31,0,0,0,296.31,0,0,0,296.31,-134.1219,-134.1219,0,100,0,0
19.58375,296.31,0,0,0,296.31,0,0,0,296.31,-113.1147,-113.1147,0,100,0,0
19.6004,296.31,0,0,0,296.31,0,0,0,296.31,-113.1147,-113.1147,0,100,0,0
19.61705,296.31,0,0,0,296.31,0,0,0,296.31,-93.72083,-93.72083,0,100,0,0
19.6337,296.31,0,0,0,296.31,0,0,0,296.31,-93.72083,-93.72083,0,100,0,0
19.65035,296.31,0,0,0,296.31,0,0,0,296.31,-93.72083,-93.72083,0,100,0,0
19.667,296.31,0,0,0,296.31,0,0,0,296.31,-76.57832,-76.57832,0,100,0,0
19.68365,296.31,0,0,0,296.31,0,0,0,296.31,-76.57832,-76.57832,0,100,0,0
19.7003,296.31,0,0,0,296.31,0,0,0,296.31,-62.69707,-62.69707,0,100,0,0
19.71695,296.31,0,0,0,296.31,0,0,0,296.31,-62.69707,-62.69707,0,100,0,0
19.7336,296.31,0,0,0,296.31,0,0,0,296.31,-53.37989,-53.37989,0,100,0,0
19.75025,296.31,0,0,0,296.31,0,0,0,296.31,-53.37989,-53.37989,0,100,0,0
19.7669,296.31,0,0,0,296.31,0,0,0,296.31,-50,-50,0,100,0,0
19.78355,296.31,0,0,0,296.31,0,0,0,296.31,-50,-50,0,100,0,0
19.8002,296.31,0,0,0,296.31,0,0,0,296.31,-50,-50,0,100,0,0
19.81685,296.31,0,0,0,296.31,0,0,0,296.31,-48.86255,-51.13745,1,1,0,0
19.8335,296.31,0,0,0,296.31,0,0,0,296.31,-48.86255,-51.13745,1,1,0,0
19.85015,296.31,0,0,0,296.31,0,0,0,296.31,-45.65186,-54.34814,1,1,0,0
19.8668,296.31,0,0,0,296.31,0,0,0,296.31,-45.65186,-54.34814,1,1,0,0
19.88345,296.31,0,0,0,296.31,0,0,0,296.31,-40.92971,-59.07029,1,1,0,0
19.9001,296.31,0,0,0,296.31,0,0,0,296.31,-40.92971,-59.07029,1,1,0,0
19.91675,296.31,0,0,0,296.31,0,0,0,296.31,-35.49719,-64.50281,1,1,0,0
19.9334,296.31,0,0,0,296.31,0,0,0,296.31,-35.49719,-64.50281,1,1,0,0
19.95005,296.31,0,0,0,296.31,0,0,0,296.31,-35.49719,-64.50281,1,1,0,0
19.9667,296.31,0,0,0,296.31,0,0,0,296.31,-30.21987,-69.78013,1,1,0,0
19.98335,296.31,0,0,0,296.31,0,0,0,296.31,-30.21987,-69.78013,1,1,0,0
20,296.31,0,0,0,296.31,0,0,0,296.31,-25.83414,-74.16586,1,1,0,0
20.01665,296.31,0,0,0,296.31,0,0,0,296.31,-25.83414,-74.16586,1,1,0,0
20.0333,296.31,0,0,0,296.31,0,0,0,296.31,-22.77357,-77.22643,1,1,0,0
20.04995,296.31,0,0,0,296.31,0,0,0,296.31,-22.77357,-77.22643,1,1,0,0
20.0666,296.31,0,0,0,296.31,0,0,0,296.31,-21.05133,-78.94867,1,1,0,0
20.08325,296.31,0,0,0,296.31,0,0,0,296.31,-21.05133,-78.94867,1,1,0,0
20.0999,296.31,0,0,0,296.31,0,0,0,296.31,-21.05133,-78.94867,1,1,0,0
20.11655,296.31,0,0,0,296.31,0,0,0,296.31,-20.22477,-79.77523,1,1,0,0
20.1332,296.31,0,0,0,296.31,0,0,0,296.31,-20.22477,-79.77523,1,1,0,0
20.14985,296.31,0,0,0,296.31,0,0,0,296.31,-19.45248,-80.54752,1,1,0,0
20.1665,296.31,0,0,0,296.31,0,0,0,296.31,-19.45248,-80.54752,1,1,0,0
20.18315,296.31,0,0,0,296.31,0,0,0,296.31,-17.63734,-82.36266,1,1,0,0
20.1998,296.31,0,0,0,296.31,0,0,0,296.31,-17.63734,-82.36266,1,1,0,0
20.21645,296.31,0,0,0,296.31,0,0,0,296.31,-13.63137,-86.36863,1,1,0,0
20.2331,296.31,0,0,0,296.31,0,0,0,296.31,-13.63137,-86.36863,1,1,0,0
20.24975,296.31,0,0,0,296.31,0,0,0,296.31,-13.63137,-86.36863,1,1,0,0
20.2664,296.31,0,0,0,296.31,0,0,0,296.31,-6.466614,-93.53339,1,1,0,0
20.28305,296.31,0,0,0,296.31,0,0,0,296.31,-6.466614,-93.53339,1,1,0,0
20.2997,296.31,0,0,0,296.31,0,0,0,296.31,4.431225,-104.4312,1,1,0,0
20.31635,296.31,0,0,0,296.31,0,0,0,296.31,4.431225,-104.4312,1,1,0,0
20.333,296.31,0,0,0,296.31,0,0,0,296.31,19.08712,-119.0871,1,1,0,0
20.34965,296.31,0,0,0,296.31,0,0,0,296.31,19.08712,-119.0871,1,1,0,0
20.3663,296.31,0,0,0,296.31,0,0,0,296.31,36.91134,-136.9113,1,1,0,0
20.38295,296.31,0,0,0,296.31,0,0,0,296.31,36.91134,-136.9113,1,1,0,0
20.3996,296.31,0,0,0,296.31,0,0,0,296.31,36.91134,-136.9113,1,1,0,0
20.41625,296.31,0,0,0,296.31,0,0,0,296.31,56.74129,-156.7413,1,1,0,0
20.4329,296.31,0,0,0,296.31,0,0,0,296.31,56.74129,-156.7413,1,1,0,0
20.44955,296.31,0,0,0,296.31,0,0,0,296.31,76.98808,-176.9881,1,1,0,0
20.4662,296.31,0,0,0,296.31,0,0,0,296.31,76.98808,-176.9881,1,1,0,0
20.48285,296.31,0,0,0,296.31,0,0,0,296.31,95.8676,-195.8676,1,1,0,0
20.4995,296.31,0,0,0,296.31,0,0,0,296.31,95.8676,-195.8676,1,1,0,0
20.51615,296.31,0,0,0,296.31,0,0,0,296.31,111.6785,-211.6785,1,1,0,0
20.5328,296.31,0,0,0,296.31,0,0,0,296.31,111.6785,-211.6785,1,1,0,0
20.54945,296.31,0,0,0,296.31,0,0,0,296.31,111.6785,-211.6785,1,1,0,0
20.5661,296.31,0,0,0,296.31,0,0,0,296.31,123.0811,-223.0811,1,1,0,0
20.58275,296.31,0,0,0,296.31,0,0,0,296.31,123.0811,-223.0811,1,1,0,0
20.5994,296.31,0,0,0,296.31,0,0,0,296.31,129.3283,-229.3283,1,1,0,0
20.61605,296.31,0,0,0,296.31,0,0,0,296.31,129.3283,-229.3283,1,1,0,0
20.6327,296.31,0,0,0,296.31,0,0,0,296.31,130.4075,-230.4075,1,1,0,0
20.64935,296.31,0,0,0,296.31,0,0,0,296.31,130.4075,-230.4075,1,1,0,0
20.666,296.31,0,0,0,296.31,0,0,0,296.31,127.066,-227.066,1,1,0,0
20.68265,296.31,0,0,0,296.31,0,0,0,296.31,127.066,-227.066,1,1,0,0
20.6993,296.31,0,0,0,296.31,0,0,0,296.31,127.066,-227.066,1,1,0,0
20.71595,296.31,0,0,0,296.31,0,0,0,296.31,120.7107,-220.7107,1,1,0,0
20.7326,296.31,0,0,0,296.31,0,0,0,296.31,120.7107,-220.7107,1,1,0,0
20.74925,296.31,0,0,0,296.31,0,0,0,296.31,113.1969,-213.1969,1,1,0,0
20.7659,296.31,0,0,0,296.31,0,0,0,296.31,113.1969,-213.1969,1,1,0,0
20.78257,296.31,0,0,0,296.31,0,0,0,296.31,106.5366,-206.5366,1,1,0,0
20.79924,296.31,0,0,0,296.31,0,0,0,296.31,106.5366,-206.5366,1,1,0,0
20.8159,296.31,0,0,0,296.31,0,0,0,296.31,102.5746,-202.5746,1,1,0,0
20.83257,296.31,0,0,0,296.31,0,0,0,296.31,102.5746,-202.5746,1,1,0,0
20.84924,296.31,0,0,0,296.31,0,0,0,296.31,102.5746,-202.5746,1,1,0,0
20.86591,296.31,0,0,0,296.31,0,0,0,296.31,102.6838,-202.6838,1,1,0,0
20.88258,296.31,0,0,0,296.31,0,0,0,296.31,102.6838,-202.6838,1,1,0,0
20.89924,296.31,0,0,0,296.31,0,0,0,296.31,107.5318,-207.5318,1,1,0,0
20.91591,296.31,0,0,0,296.31,0,0,0,296.31,107.5318,-207.5318,1,1,0,0
20.93258,296.31,0,0,0,296.31,0,0,0,296.31,116.9573,-216.9573,1,1,0,0
20.94925,296.31,0,0,0,296.31,0,0,0,296.31,116.9573,-216.9573,1,1,0,0
20.96591,296.31,0,0,0,296.31,0,0,0,296.31,129.9794,-229.9794,1,1,0,0
20.98258,296.31,0,0,0,296.31,0,0,0,296.31,129.9794,-229.9794,1,1,0,0
20.99925,296.31,0,0,0,296.31,0,0,0,296.31,129.9794,-229.9794,1,1,0,0
21.01592,296.31,0,0,0,296.31,0,0,0,296.31,144.938,-244.938,1,1,0,0
21.03259,296.31,0,0,0,296.31,0,0,0,296.31,144.938,-244.938,1,1,0,0
21.04925,296.31,0,0,0,296.31,0,0,0,296.31,159.7454,-259.7454,1,1,0,0
21.06592,296.31,0,0,0,296.31,0,0,0,296.31,159.7454,-259.7454,1,1,0,0
21.08259,296.31,0,0,0,296.31,0,0,0,296.31,172.2078,-272.2078,1,1,0,0
21.09925,296.31,0,0,0,296.31,0,0,0,296.31,172.2078,-272.2078,1,1,0,0
21.11592,296.31,0,0,0,296.31,0,0,0,296.31,180.3651,-280.3651,1,1,0,0
21.13259,296.31,0,0,0,296.31,0,0,0,296.31,180.3651,-280.3651,1,1,0,0
21.14926,296.31,0,0,0,296.31,0,0,0,296.31,180.3651,-280.3651,1,1,0,0
21.16592,296.31,0,0,0,296.31,0,0,0,296.31,182.7945,-282.7945,1,1,0,0
21.18259,296.31,0,0,0,296.31,0,0,0,296.31,182.7945,-282.7945,1,1,0,0
21.19926,296.31,0,0,0,296.31,0,0,0,296.31,178.8279,-278.8279,1,1,0,0
21.21592,296.31,0,0,0,296.31,0,0,0,296.31,178.8279,-278.8279,1,1,0,0
21.23259,296.31,0,0,0,296.31,0,0,0,296.31,168.6503,-268.6503,1,1,0,0
21.24926,296.31,0,0,0,296.31,0,0,0,296.31,168.6503,-268.6503,1,1,0,0
21.26592,296.31,0,0,0,296.31,0,0,0,296.31,153.2624,-253.2624,1,1,0,0
21.28259,296.31,0,0,0,296.31,0,0,0,296.31,153.2624,-253.2624,1,1,0,0
21.29926,296.31,0,0,0,296.31,0,0,0,296.31,153.2624,-253.2624,1,1,0,0
21.31593,296.31,0,0,0,296.31,0,0,0,296.31,134.3165,-234.3165,1,1,0,0
21.33259,296.31,0,0,0,296.31,0,0,0,296.31,134.3165,-234.3165,1,1,0,0
21.34926,296.31,0,0,0,296.31,0,0,0,296.31,113.8537,-213.8537,1,1,0,0
21.36593,296.31,0,0,0,296.31,0,0,0,296.31,113.8537,-213.8537,1,1,0,0
21.38259,296.31,0,0,0,296.31,0,0,0,296.31,93.98556,-193.9856,1,1,0,0
21.39926,296.31,0,0,0,296.31,0,0,0,296.31,93.98556,-193.9856,1,1,0,0
21.41593,296.31,0,0,0,296.31,0,0,0,296.31,76.57442,-176.5744,1,1,0,0
21.43259,296.31,0,0,0,296.31,0,0,0,296.31,76.57442,-176.5744,1,1,0,0
21.44926,296.31,0,0,0,296.31,0,0,0,296.31,76.57442,-176.5744,1,1,0,0
21.46593,296.31,0,0,0,296.31,0,0,0,296.31,62.96268,-162.9627,1,1,0,0
21.4826,296.31,0,0,0,296.31,0,0,0,296.31,62.96268,-162.9627,1,1,0,0
21.49926,296.31,0,0,0,296.31,0,0,0,296.31,53.79452,-153.7945,1,1,0,0
21.51593,296.31,0,0,0,296.31,0,0,0,296.31,53.79452,-153.7945,1,1,0,0
21.5326,296.31,0,0,0,296.31,0,0,0,296.31,48.95605,-148.9561,1,1,0,0
21.54927,296.31,0,0,0,296.31,0,0,0,296.31,48.95605,-148.9561,1,1,0,0
21.56594,296.31,0,0,0,296.31,0,0,0,296.31,47.64001,-147.64,1,1,0,0
21.5826,296.31,0,0,0,296.31,0,0,0,296.31,47.64001,-147.64,1,1,0,0
21.59927,296.31,0,0,0,296.31,0,0,0,296.31,47.64001,-147.64,1,1,0,0
21.61594,296.31,0,0,0,296.31,0,0,0,296.31,48.51977,-148.5198,1,1,0,0
21.6326,296.31,0,0,0,296.31,0,0,0,296.31,48.51977,-148.5198,1,1,0,0
21.64927,296.31,0,0,0,296.31,0,0,0,296.31,49.99999,-150,1,1,0,0
21.66594,296.31,0,0,0,296.31,0,0,0,296.31,49.99999,-150,1,1,0,0
21.68261,296.31,0,0,0,296.31,0,0,0,296.31,50.49926,-150.4993,1,1,0,0
21.69927,296.31,0,0,0,296.31,0,0,0,296.31,50.49926,-150.4993,1,1,0,0
21.71594,296.31,0,0,0,296.31,0,0,0,296.31,48.71574,-148.7157,1,1,0,0
21.73261,296.31,0,0,0,296.31,0,0,0,296.31,48.71574,-148.7157,1,1,0,0
21.74927,296.31,0,0,0,296.31,0,0,0,296.31,48.71574,-148.7157,1,1,0,0
21.76594,296.31,0,0,0,296.31,0,0,0,296.31,43.83195,-143.8319,1,1,0,0
21.78261,296.31,0,0,0,296.31,0,0,0,296.31,43.83195,-143.8319,1,1,0,0
21.79927,296.31,0,0,0,296.31,0,0,0,296.31,35.62651,-135.6265,1,1,0,0
21.81594,296.31,0,0,0,296.31,0,0,0,296.31,35.62651,-135.6265,1,1,0,0
21.83261,296.31,0,0,0,296.31,0,0,0,296.31,24.47796,-124.478,1,1,0,0
21.84928,296.31,0,0,0,296.31,0,0,0,296.31,24.47796,-124.478,1,1,0,0
21.86594,296.31,0,0,0,296.31,0,0,0,296.31,11.2652,-111.2652,1,1,0,0
21.88261,296.31,0,0,0,296.31,0,0,0,296.31,11.2652,-111.2652,1,1,0,0
21.89928,296.31,0,0,0,296.31,0,0,0,296.31,11.2652,-111.2652,1,1,0,0
21.91594,296.31,0,0,0,296.31,0,0,0,296.31,-2.813026,-97.18697,1,1,0,0
21.93261,296.31,0,0,0,296.31,0,0,0,296.31,-2.813026,-97.18697,1,1,0,0
21.94928,296.31,0,0,0,296.31,0,0,0,296.31,-16.4637,-83.5363,1,1,0,0
21.96594,296.31,0,0,0,296.31,0,0,0,296.31,-16.4637,-83.5363,1,1,0,0
21.98261,296.31,0,0,0,296.31,0,0,0,296.31,-28.52735,-71.47265,1,1,0,0
21.99928,296.31,0,0,0,296.31,0,0,0,296.31,-28.52735,-71.47265,1,1,0,0
22.01595,296.31,0,0,0,296.31,0,0,0,296.31,-38.16714,-61.83286,1,1,0,0
22.03262,296.31,0,0,0,296.31,0,0,0,296.31,-38.16714,-61.83286,1,1,0,0
22.04929,296.31,0,0,0,296.31,0,0,0,296.31,-38.16714,-61.83286,1,1,0,0
22.06595,296.31,0,0,0,296.31,0,0,0,296.31,-44.98602,-55.01398,1,1,0,0
22.08262,296.31,0,0,0,296.31,0,0,0,296.31,-44.98602,-55.01398,1,1,0,0
22.09929,296.31,0,0,0,296.31,0,0,0,296.31,-49.05389,-50.94611,1,1,0,0
22.11596,296.31,0,0,0,296.31,0,0,0,296.31,-49.05389,-50.94611,1,1,0,0
22.13262,296.31,0,0,0,296.31,0,0,0,296.31,-50.84343,-49.15657,1,1,0,0
22.14929,296.31,0,0,0,296.31,0,0,0,296.31,-50.84343,-49.15657,1,1,0,0
22.16596,296.31,0,0,0,296.31,0,0,0,296.31,-51.09121,-48.90879,1,1,0,0
22.18262,296.31,0,0,0,296.31,0,0,0,296.31,-51.09121,-48.90879,1,1,0,0
22.19929,296.31,0,0,0,296.31,0,0,0,296.31,-51.09121,-48.90879,1,1,0,0
22.21596,296.31,0,0,0,296.31,0,0,0,296.31,-50.61352,-49.38648,1,1,0,0
22.23262,296.31,0,0,0,296.31,0,0,0,296.31,-50.61352,-49.38648,1,1,0,0
22.24929,296.31,0,0,0,296.31,0,0,0,296.31,-50.11513,-49.88487,1,1,0,0
22.26596,296.31,0,0,0,296.31,0,0,0,296.31,-50,-50,0,100,0,0
22.28263,296.31,0,0,0,296.31,0,0,0,296.31,-50,-50,0,100,0,0
